Index,dataset_name,resource_name,resource_filename,resource_url,new_resource_url,scraperwiki_name,dir,file,status,update_status
0,fts-ebola-indicator,output.zip,output.zip,https://ds-ec2.scraperwiki.com/m3gwddd/yhe8ykk1zhnnf04/http/output.zip,,FTS Ebola,ds2/fts-ebola-indicator,ds2/fts-ebola-indicator/output.zip,SKIPPED,
1,sidih-indicators,All_Indicator_Data.csv,All_Indicator_Data.csv,https://ds-ec2.scraperwiki.com/egzfk1p/siqsxsgjnxgk3r2/cgi-bin/csv/indicators_data.csv,,Colombia SIDIH,ds2/sidih-indicators,ds2/sidih-indicators/All_Indicator_Data.csv,SKIPPED,
2,key-humanitarian-figure,ocha_syria_key_figures.csv,ocha_syria_key_figures.csv,https://ds-ec2.scraperwiki.com/afbxebw/axpq2tkfrwgi5em/cgi-bin/csv/ocha_syria_topline_figures.csv,,OCHA Syria Key Humanitarian Figures,ds2/key-humanitarian-figure,ds2/key-humanitarian-figure/ocha_syria_key_figures.csv,SKIPPED,
3,wfp-vam-live-data,wfp_vam_data.csv,wfp_vam_data.csv,https://ds-ec2.scraperwiki.com/dnanlsl/djbk7vxyccekqd4/cgi-bin/csv/wfp_vam_data.csv,,,ds2/wfp-vam-live-data,ds2/wfp-vam-live-data/wfp_vam_data.csv,SKIPPED,
4,raw-fts-ebola-input,output.zip,output.zip,http://ds-ec2.scraperwiki.com/bdiq9rh/jl6of3vhfzl38tg/http/output.zip,,DISABLED WHO GAR,ds2/raw-fts-ebola-input,ds2/raw-fts-ebola-input/output.zip,SKIPPED,
5,iraq-2014-2015-humanitarian-contributions,iraq-2014-2015-humanitarian-contributions.csv,iraq-2014-2015-humanitarian-contributions.csv,https://ds-ec2.scraperwiki.com/mcu9bxo/m5dbtbjvgv577aq/cgi-bin/csv/Emergency_16548.csv,,DISABLED FTS Emergency Collector,ds2/iraq-2014-2015-humanitarian-contributions,ds2/iraq-2014-2015-humanitarian-contributions/iraq-2014-2015-humanitarian-contributions.csv,SKIPPED,
6,mdginfo-2012,MDGInfo 2012,data.csv,https://ds-ec2.scraperwiki.com/phqu8jq/kzxddybnpnq8b3r/cgi-bin/csv/data.csv,,UN Habitat,ds2/mdginfo-2012,ds2/mdginfo-2012/data.csv,SKIPPED,
7,who-gar-raw,output.zip,output.zip,http://ds-ec2.scraperwiki.com/bdiq9rh/jl6of3vhfzl38tg/http/output.zip,,DISABLED WHO GAR,ds2/who-gar-raw,ds2/who-gar-raw/output.zip,SKIPPED,
8,ebola-related-interaction-member-activities,ngo_aidmap_ebola.csv,ngo_aidmap_ebola.csv,https://ds-ec2.scraperwiki.com/7g2hvyz/aoqsrqhywz64ejq/cgi-bin/csv/ngo_aidmap_ebola.csv,https://ocha-dap.github.io/scraperwiki-snapshot/datasets/ebola-related-interaction-member-activities/ngo_aidmap_ebola.csv,NGO AidMap Ebola Projects,ds2/ebola-related-interaction-member-activities,ds2/ebola-related-interaction-member-activities/ngo_aidmap_ebola.csv,Ok,UPLOADED
9,project-reported-data-validated-by-cluster-coordinators,ors_rpt.csv,ors_rpt.csv,https://ds-ec2.scraperwiki.com/3zarzzv/0zftw6fzkjxommp/cgi-bin/csv/ors_rpt.csv,https://ocha-dap.github.io/scraperwiki-snapshot/datasets/project-reported-data-validated-by-cluster-coordinators/ors_rpt.csv,OCHA ORS Scraper,ds2/project-reported-data-validated-by-cluster-coordinators,ds2/project-reported-data-validated-by-cluster-coordinators/ors_rpt.csv,Ok,UPLOADED
10,cluster-indicators-output-indicators,ors_clind.csv,ors_clind.csv,https://ds-ec2.scraperwiki.com/3zarzzv/0zftw6fzkjxommp/cgi-bin/csv/ors_clind.csv,https://ocha-dap.github.io/scraperwiki-snapshot/datasets/cluster-indicators-output-indicators/ors_clind.csv,OCHA ORS Scraper,ds2/cluster-indicators-output-indicators,ds2/cluster-indicators-output-indicators/ors_clind.csv,Ok,UPLOADED
11,country-framework,ors_frw.csv,ors_frw.csv,https://ds-ec2.scraperwiki.com/3zarzzv/0zftw6fzkjxommp/cgi-bin/csv/ors_frw.csv,https://ocha-dap.github.io/scraperwiki-snapshot/datasets/country-framework/ors_frw.csv,OCHA ORS Scraper,ds2/country-framework,ds2/country-framework/ors_frw.csv,Ok,UPLOADED
12,ops-projects,ors_prj.csv,ors_prj.csv,https://ds-ec2.scraperwiki.com/3zarzzv/0zftw6fzkjxommp/cgi-bin/csv/ors_prj.csv,https://ocha-dap.github.io/scraperwiki-snapshot/datasets/ops-projects/ors_prj.csv,OCHA ORS Scraper,ds2/ops-projects,ds2/ops-projects/ors_prj.csv,Ok,UPLOADED
13,3w-who-what-where,ors_3w.csv,ors_3w.csv,https://ds-ec2.scraperwiki.com/3zarzzv/0zftw6fzkjxommp/cgi-bin/csv/ors_3w.csv,https://ocha-dap.github.io/scraperwiki-snapshot/datasets/3w-who-what-where/ors_3w.csv,OCHA ORS Scraper,ds2/3w-who-what-where,ds2/3w-who-what-where/ors_3w.csv,Ok,UPLOADED
14,cluster-output-indicator-reports,ors_clindrpt.csv,ors_clindrpt.csv,https://ds-ec2.scraperwiki.com/3zarzzv/0zftw6fzkjxommp/cgi-bin/csv/ors_clindrpt.csv,https://ocha-dap.github.io/scraperwiki-snapshot/datasets/cluster-output-indicator-reports/ors_clindrpt.csv,OCHA ORS Scraper,ds2/cluster-output-indicator-reports,ds2/cluster-output-indicator-reports/ors_clindrpt.csv,Ok,UPLOADED
15,tasa-de-homicidios-colombia,sidih_587.csv,sidih_587.csv,https://ds-ec2.scraperwiki.com/egzfk1p/siqsxsgjnxgk3r2/cgi-bin/csv/sidih_587.csv,https://ocha-dap.github.io/scraperwiki-snapshot/datasets/tasa-de-homicidios-colombia/sidih_587.csv,Colombia SIDIH,ds2/tasa-de-homicidios-colombia,ds2/tasa-de-homicidios-colombia/sidih_587.csv,Ok,UPLOADED
16,sidih-homicidios-medicina-legal,sidih_593.csv,sidih_593.csv,https://ds-ec2.scraperwiki.com/egzfk1p/siqsxsgjnxgk3r2/cgi-bin/csv/sidih_593.csv,https://ocha-dap.github.io/scraperwiki-snapshot/datasets/sidih-homicidios-medicina-legal/sidih_593.csv,Colombia SIDIH,ds2/sidih-homicidios-medicina-legal,ds2/sidih-homicidios-medicina-legal/sidih_593.csv,Ok,UPLOADED
17,sidih-homicidios-hombres,sidih_654.csv,sidih_654.csv,https://ds-ec2.scraperwiki.com/egzfk1p/siqsxsgjnxgk3r2/cgi-bin/csv/sidih_654.csv,https://ocha-dap.github.io/scraperwiki-snapshot/datasets/sidih-homicidios-hombres/sidih_654.csv,Colombia SIDIH,ds2/sidih-homicidios-hombres,ds2/sidih-homicidios-hombres/sidih_654.csv,Ok,UPLOADED
18,sidih-homicidio-mujeres,sidih_653.csv,sidih_653.csv,https://ds-ec2.scraperwiki.com/egzfk1p/siqsxsgjnxgk3r2/cgi-bin/csv/sidih_653.csv,https://ocha-dap.github.io/scraperwiki-snapshot/datasets/sidih-homicidio-mujeres/sidih_653.csv,Colombia SIDIH,ds2/sidih-homicidio-mujeres,ds2/sidih-homicidio-mujeres/sidih_653.csv,Ok,UPLOADED
19,sidih-desaparecidos-reportados,sidih_642.csv,sidih_642.csv,https://ds-ec2.scraperwiki.com/egzfk1p/siqsxsgjnxgk3r2/cgi-bin/csv/sidih_642.csv,https://ocha-dap.github.io/scraperwiki-snapshot/datasets/sidih-desaparecidos-reportados/sidih_642.csv,Colombia SIDIH,ds2/sidih-desaparecidos-reportados,ds2/sidih-desaparecidos-reportados/sidih_642.csv,Ok,UPLOADED
20,sidih-cobertura-vivienda-sisben-con-recoleccion-de-basuras,sidih_343.csv,sidih_343.csv,https://ds-ec2.scraperwiki.com/egzfk1p/siqsxsgjnxgk3r2/cgi-bin/csv/sidih_343.csv,https://ocha-dap.github.io/scraperwiki-snapshot/datasets/sidih-cobertura-vivienda-sisben-con-recoleccion-de-basuras/sidih_343.csv,Colombia SIDIH,ds2/sidih-cobertura-vivienda-sisben-con-recoleccion-de-basuras,ds2/sidih-cobertura-vivienda-sisben-con-recoleccion-de-basuras/sidih_343.csv,Ok,UPLOADED
21,sidih-poblacion-con-nbi-resto,sidih_190.csv,sidih_190.csv,https://ds-ec2.scraperwiki.com/egzfk1p/siqsxsgjnxgk3r2/cgi-bin/csv/sidih_190.csv,https://ocha-dap.github.io/scraperwiki-snapshot/datasets/sidih-poblacion-con-nbi-resto/sidih_190.csv,Colombia SIDIH,ds2/sidih-poblacion-con-nbi-resto,ds2/sidih-poblacion-con-nbi-resto/sidih_190.csv,Ok,UPLOADED
22,sidih-cobertura-vivienda-sisben-con-conexion-a-gas,sidih_495.csv,sidih_495.csv,https://ds-ec2.scraperwiki.com/egzfk1p/siqsxsgjnxgk3r2/cgi-bin/csv/sidih_495.csv,https://ocha-dap.github.io/scraperwiki-snapshot/datasets/sidih-cobertura-vivienda-sisben-con-conexion-a-gas/sidih_495.csv,Colombia SIDIH,ds2/sidih-cobertura-vivienda-sisben-con-conexion-a-gas,ds2/sidih-cobertura-vivienda-sisben-con-conexion-a-gas/sidih_495.csv,Ok,UPLOADED
23,sidih-poblacion-total,sidih_3.csv,sidih_3.csv,https://ds-ec2.scraperwiki.com/egzfk1p/siqsxsgjnxgk3r2/cgi-bin/csv/sidih_3.csv,https://ocha-dap.github.io/scraperwiki-snapshot/datasets/sidih-poblacion-total/sidih_3.csv,Colombia SIDIH,ds2/sidih-poblacion-total,ds2/sidih-poblacion-total/sidih_3.csv,Ok,UPLOADED
24,sidih-cobertura-vivienda-sisben-con-alcantarillado,sidih_504.csv,sidih_504.csv,https://ds-ec2.scraperwiki.com/egzfk1p/siqsxsgjnxgk3r2/cgi-bin/csv/sidih_504.csv,https://ocha-dap.github.io/scraperwiki-snapshot/datasets/sidih-cobertura-vivienda-sisben-con-alcantarillado/sidih_504.csv,Colombia SIDIH,ds2/sidih-cobertura-vivienda-sisben-con-alcantarillado,ds2/sidih-cobertura-vivienda-sisben-con-alcantarillado/sidih_504.csv,Ok,UPLOADED
25,sidih-numero-de-hectareas-segun-solicitudes-ded,sidih_664.csv,sidih_664.csv,https://ds-ec2.scraperwiki.com/egzfk1p/siqsxsgjnxgk3r2/cgi-bin/csv/sidih_664.csv,https://ocha-dap.github.io/scraperwiki-snapshot/datasets/sidih-numero-de-hectareas-segun-solicitudes-ded/sidih_664.csv,Colombia SIDIH,ds2/sidih-numero-de-hectareas-segun-solicitudes-ded,ds2/sidih-numero-de-hectareas-segun-solicitudes-ded/sidih_664.csv,Ok,UPLOADED
26,sidih-numero-de-solicitudes-de-ingreso-al-registro-de-tierras,sidih_645.csv,sidih_645.csv,https://ds-ec2.scraperwiki.com/egzfk1p/siqsxsgjnxgk3r2/cgi-bin/csv/sidih_645.csv,https://ocha-dap.github.io/scraperwiki-snapshot/datasets/sidih-numero-de-solicitudes-de-ingreso-al-registro-de-tierras/sidih_645.csv,Colombia SIDIH,ds2/sidih-numero-de-solicitudes-de-ingreso-al-registro-de-tierras,ds2/sidih-numero-de-solicitudes-de-ingreso-al-registro-de-tierras/sidih_645.csv,Ok,UPLOADED
27,sidih-cultivos-de-coca,sidih_384.csv,sidih_384.csv,https://ds-ec2.scraperwiki.com/egzfk1p/siqsxsgjnxgk3r2/cgi-bin/csv/sidih_384.csv,https://ocha-dap.github.io/scraperwiki-snapshot/datasets/sidih-cultivos-de-coca/sidih_384.csv,Colombia SIDIH,ds2/sidih-cultivos-de-coca,ds2/sidih-cultivos-de-coca/sidih_384.csv,Ok,UPLOADED
28,sidih-cobertura-vivienda-sisben-con-servicio-telefonico,sidih_545.csv,sidih_545.csv,https://ds-ec2.scraperwiki.com/egzfk1p/siqsxsgjnxgk3r2/cgi-bin/csv/sidih_545.csv,https://ocha-dap.github.io/scraperwiki-snapshot/datasets/sidih-cobertura-vivienda-sisben-con-servicio-telefonico/sidih_545.csv,Colombia SIDIH,ds2/sidih-cobertura-vivienda-sisben-con-servicio-telefonico,ds2/sidih-cobertura-vivienda-sisben-con-servicio-telefonico/sidih_545.csv,Ok,UPLOADED
29,sidih-cobertura-vivienda-sisben-con-servicio-energia-electrica,sidih_337.csv,sidih_337.csv,https://ds-ec2.scraperwiki.com/egzfk1p/siqsxsgjnxgk3r2/cgi-bin/csv/sidih_337.csv,https://ocha-dap.github.io/scraperwiki-snapshot/datasets/sidih-cobertura-vivienda-sisben-con-servicio-energia-electrica/sidih_337.csv,Colombia SIDIH,ds2/sidih-cobertura-vivienda-sisben-con-servicio-energia-electrica,ds2/sidih-cobertura-vivienda-sisben-con-servicio-energia-electrica/sidih_337.csv,Ok,UPLOADED
30,sidih-cobertura-vivienda-sisben-con-servicio-de-acueducto,sidih_322.csv,sidih_322.csv,https://ds-ec2.scraperwiki.com/egzfk1p/siqsxsgjnxgk3r2/cgi-bin/csv/sidih_322.csv,https://ocha-dap.github.io/scraperwiki-snapshot/datasets/sidih-cobertura-vivienda-sisben-con-servicio-de-acueducto/sidih_322.csv,Colombia SIDIH,ds2/sidih-cobertura-vivienda-sisben-con-servicio-de-acueducto,ds2/sidih-cobertura-vivienda-sisben-con-servicio-de-acueducto/sidih_322.csv,Ok,UPLOADED
31,sidih-secuestro-simple,sidih_540.csv,sidih_540.csv,https://ds-ec2.scraperwiki.com/egzfk1p/siqsxsgjnxgk3r2/cgi-bin/csv/sidih_540.csv,https://ocha-dap.github.io/scraperwiki-snapshot/datasets/sidih-secuestro-simple/sidih_540.csv,Colombia SIDIH,ds2/sidih-secuestro-simple,ds2/sidih-secuestro-simple/sidih_540.csv,Ok,UPLOADED
32,sidih-secuestro-extorsivo,sidih_541.csv,sidih_541.csv,https://ds-ec2.scraperwiki.com/egzfk1p/siqsxsgjnxgk3r2/cgi-bin/csv/sidih_541.csv,https://ocha-dap.github.io/scraperwiki-snapshot/datasets/sidih-secuestro-extorsivo/sidih_541.csv,Colombia SIDIH,ds2/sidih-secuestro-extorsivo,ds2/sidih-secuestro-extorsivo/sidih_541.csv,Ok,UPLOADED
33,sidih-indice-de-riesgo-de-situacion-humanitaria-nueva-metodologia,sidih_588.csv,sidih_588.csv,https://ds-ec2.scraperwiki.com/egzfk1p/siqsxsgjnxgk3r2/cgi-bin/csv/sidih_588.csv,https://ocha-dap.github.io/scraperwiki-snapshot/datasets/sidih-indice-de-riesgo-de-situacion-humanitaria-nueva-metodologia/sidih_588.csv,Colombia SIDIH,ds2/sidih-indice-de-riesgo-de-situacion-humanitaria-nueva-metodologia,ds2/sidih-indice-de-riesgo-de-situacion-humanitaria-nueva-metodologia/sidih_588.csv,Ok,UPLOADED
34,response-plan-coverage-nepal-earthquake,nepal_fts_indicators.csv,nepal_fts_indicators.csv,https://ds-ec2.scraperwiki.com/lkbrks7/kvcjpgpz8wfr3fg/cgi-bin/csv/value.csv,https://ocha-dap.github.io/scraperwiki-snapshot/datasets/response-plan-coverage-nepal-earthquake/nepal_fts_indicators.csv,FTS: Nepal Earthquake Coverage,ds2/response-plan-coverage-nepal-earthquake,ds2/response-plan-coverage-nepal-earthquake/nepal_fts_indicators.csv,Ok,UPLOADED
35,food-shipments,Food Shipments,shipments.csv,https://ds-ec2.scraperwiki.com/k4qrnvg/hzdt84kflovzsv6/cgi-bin/csv/shipments.csv,,FAO Collector,ds2/food-shipments,ds2/food-shipments/shipments.csv,SKIPPED,
36,producer-prices-annual,Producer Prices - Annual,prices.csv,https://ds-ec2.scraperwiki.com/k4qrnvg/hzdt84kflovzsv6/cgi-bin/csv/prices.csv,,FAO Collector,ds2/producer-prices-annual,ds2/producer-prices-annual/prices.csv,SKIPPED,
37,food-security,Food Security,security.csv,https://ds-ec2.scraperwiki.com/k4qrnvg/hzdt84kflovzsv6/cgi-bin/csv/security.csv,,FAO Collector,ds2/food-security,ds2/food-security/security.csv,SKIPPED,
38,producer-price-indices-annual,Producer Price Indices - Annual,indices.csv,https://ds-ec2.scraperwiki.com/k4qrnvg/hzdt84kflovzsv6/cgi-bin/csv/indices.csv,,FAO Collector,ds2/producer-price-indices-annual,ds2/producer-price-indices-annual/indices.csv,SKIPPED,
39,nepal-earthquake-april-2015-humanitarian-contributions,Emergency_16575.csv,Emergency_16575.csv,https://ds-ec2.scraperwiki.com/mcu9bxo/m5dbtbjvgv577aq/cgi-bin/csv/Emergency_16575.csv,https://ocha-dap.github.io/scraperwiki-snapshot/datasets/nepal-earthquake-april-2015-humanitarian-contributions/Emergency_16575.csv,DISABLED FTS Emergency Collector,ds2/nepal-earthquake-april-2015-humanitarian-contributions,ds2/nepal-earthquake-april-2015-humanitarian-contributions/Emergency_16575.csv,Ok,UPLOADED
40,climate-change-attributable-dalys-per-children-under-5-years,Climate Change Attributable Dalys Per Children Under 5 Years,climate_change_attributable_dalys_per_100000_children_under_5_years.csv,https://ds-ec2.scraperwiki.com/n9fnudn/ru8txqwvxzia6b2/cgi-bin/csv/climate_change_attributable_dalys_per_100000_children_under_5_years.csv,https://ocha-dap.github.io/scraperwiki-snapshot/datasets/climate-change-attributable-dalys-per-children-under-5-years/climate_change_attributable_dalys_per_100000_children_under_5_years.csv,WHO Health,ds2/climate-change-attributable-dalys-per-children-under-5-years,ds2/climate-change-attributable-dalys-per-children-under-5-years/climate_change_attributable_dalys_per_100000_children_under_5_years.csv,Ok,UPLOADED
41,climate-change-attributable-dalys-in-children-under-5-years,Climate Change Attributable Dalys In Children Under 5 Years,climate_change_attributable_dalys_000_in_children_under_5_years.csv,https://ds-ec2.scraperwiki.com/n9fnudn/ru8txqwvxzia6b2/cgi-bin/csv/climate_change_attributable_dalys_000_in_children_under_5_years.csv,https://ocha-dap.github.io/scraperwiki-snapshot/datasets/climate-change-attributable-dalys-in-children-under-5-years/climate_change_attributable_dalys_000_in_children_under_5_years.csv,WHO Health,ds2/climate-change-attributable-dalys-in-children-under-5-years,ds2/climate-change-attributable-dalys-in-children-under-5-years/climate_change_attributable_dalys_000_in_children_under_5_years.csv,Ok,UPLOADED
42,climate-change-attributable-dalys-per-capita,Climate Change Attributable Dalys Per Capita,climate_change_attributable_dalys_per_100000_capita.csv,https://ds-ec2.scraperwiki.com/n9fnudn/ru8txqwvxzia6b2/cgi-bin/csv/climate_change_attributable_dalys_per_100000_capita.csv,https://ocha-dap.github.io/scraperwiki-snapshot/datasets/climate-change-attributable-dalys-per-capita/climate_change_attributable_dalys_per_100000_capita.csv,WHO Health,ds2/climate-change-attributable-dalys-per-capita,ds2/climate-change-attributable-dalys-per-capita/climate_change_attributable_dalys_per_100000_capita.csv,Ok,UPLOADED
43,climate-change-attributable-deaths,Climate Change Attributable Deaths,climate_change_attributable_deaths.csv,https://ds-ec2.scraperwiki.com/n9fnudn/ru8txqwvxzia6b2/cgi-bin/csv/climate_change_attributable_deaths.csv,https://ocha-dap.github.io/scraperwiki-snapshot/datasets/climate-change-attributable-deaths/climate_change_attributable_deaths.csv,WHO Health,ds2/climate-change-attributable-deaths,ds2/climate-change-attributable-deaths/climate_change_attributable_deaths.csv,Ok,UPLOADED
44,climate-change-attributable-deaths-in-children-under-5-years,Climate Change Attributable Deaths In Children Under 5 Years,climate_change_attributable_deaths_000_in_children_under_5_years.csv,https://ds-ec2.scraperwiki.com/n9fnudn/ru8txqwvxzia6b2/cgi-bin/csv/climate_change_attributable_deaths_000_in_children_under_5_years.csv,https://ocha-dap.github.io/scraperwiki-snapshot/datasets/climate-change-attributable-deaths-in-children-under-5-years/climate_change_attributable_deaths_000_in_children_under_5_years.csv,WHO Health,ds2/climate-change-attributable-deaths-in-children-under-5-years,ds2/climate-change-attributable-deaths-in-children-under-5-years/climate_change_attributable_deaths_000_in_children_under_5_years.csv,Ok,UPLOADED
45,climate-change-attributable-deaths-per-capita,Climate Change Attributable Deaths Per Capita,climate_change_attributable_deaths_per_100000_capita.csv,https://ds-ec2.scraperwiki.com/n9fnudn/ru8txqwvxzia6b2/cgi-bin/csv/climate_change_attributable_deaths_per_100000_capita.csv,https://ocha-dap.github.io/scraperwiki-snapshot/datasets/climate-change-attributable-deaths-per-capita/climate_change_attributable_deaths_per_100000_capita.csv,WHO Health,ds2/climate-change-attributable-deaths-per-capita,ds2/climate-change-attributable-deaths-per-capita/climate_change_attributable_deaths_per_100000_capita.csv,Ok,UPLOADED
46,climate-change-attributable-dalys,Climate Change Attributable Dalys,climate_change_attributable_dalys_000.csv,https://ds-ec2.scraperwiki.com/n9fnudn/ru8txqwvxzia6b2/cgi-bin/csv/climate_change_attributable_dalys_000.csv,https://ocha-dap.github.io/scraperwiki-snapshot/datasets/climate-change-attributable-dalys/climate_change_attributable_dalys_000.csv,WHO Health,ds2/climate-change-attributable-dalys,ds2/climate-change-attributable-dalys/climate_change_attributable_dalys_000.csv,Ok,UPLOADED
47,fts-ebola-coverage,fts-ebola-coverage.csv,fts-ebola-coverage.csv,https://ds-ec2.scraperwiki.com/kjaolpi/wpdppuepiemaceu/http/fts-ebola-coverage.csv,https://ocha-dap.github.io/scraperwiki-snapshot/datasets/fts-ebola-coverage/fts-ebola-coverage.csv,DISABLED FTS Ebola Coverage,ds2/fts-ebola-coverage,ds2/fts-ebola-coverage/fts-ebola-coverage.csv,Ok,UPLOADED
48,average-monthly-temperature-and-rainfall-all-africa,Average monthly temperature and rainfall - All Africa,climate.csv,https://ds-ec2.scraperwiki.com/wrqvxsr/tt43kpn71mzxeqn/cgi-bin/csv/climate.csv,,World Bank Climate Collector,ds2/average-monthly-temperature-and-rainfall-all-africa,ds2/average-monthly-temperature-and-rainfall-all-africa/climate.csv,SKIPPED,
49,undp-climate-change-country-profiles-all-africa,Observed mean precipitation - All Africa,climate.csv,https://ds-ec2.scraperwiki.com/fflzvxg/kigsgnbzbuue5x2/cgi-bin/csv/climate.csv,,UNDP Climate Collector,ds2/undp-climate-change-country-profiles-all-africa,ds2/undp-climate-change-country-profiles-all-africa/climate.csv,SKIPPED,
50,indicadores-del-sidih,sidih_all_data.csv,sidih_all_data.csv,https://ds-ec2.scraperwiki.com/egzfk1p/siqsxsgjnxgk3r2/cgi-bin/csv/sidih_all_data.csv,https://ocha-dap.github.io/scraperwiki-snapshot/datasets/indicadores-del-sidih/sidih_all_data.csv,Colombia SIDIH,ds2/indicadores-del-sidih,ds2/indicadores-del-sidih/sidih_all_data.csv,Ok,UPLOADED
51,unhcr-refugee-monthly-arrivals-by-country,monthly_arrivals_by_country.csv,monthly_arrivals_by_country.csv,https://ds-ec2.scraperwiki.com/dhrmllc/epujvb7enul3h8x/cgi-bin/csv/monthly_arrivals_by_country.csv,https://ocha-dap.github.io/scraperwiki-snapshot/datasets/unhcr-refugee-monthly-arrivals-by-country/monthly_arrivals_by_country.csv,UNHCR Mediterranean Collector,ds2/unhcr-refugee-monthly-arrivals-by-country,ds2/unhcr-refugee-monthly-arrivals-by-country/monthly_arrivals_by_country.csv,Ok,UPLOADED
52,daily-summaries-of-precipitation-indicators-for-iceland,precipitation_isl.csv,precipitation_isl.csv,https://ds-ec2.scraperwiki.com/fhsehwp/vdocua8hjwptucu/cgi-bin/csv/isl.csv,,NCDC / NOAA Precipitation Collector,ds2/daily-summaries-of-precipitation-indicators-for-iceland,ds2/daily-summaries-of-precipitation-indicators-for-iceland/precipitation_isl.csv,SKIPPED,
53,daily-summaries-of-precipitation-indicators-for-croatia,precipitation_hrv.csv,precipitation_hrv.csv,https://ds-ec2.scraperwiki.com/fhsehwp/vdocua8hjwptucu/cgi-bin/csv/hrv.csv,,NCDC / NOAA Precipitation Collector,ds2/daily-summaries-of-precipitation-indicators-for-croatia,ds2/daily-summaries-of-precipitation-indicators-for-croatia/precipitation_hrv.csv,SKIPPED,
54,daily-summaries-of-precipitation-indicators-for-estonia,precipitation_est.csv,precipitation_est.csv,https://ds-ec2.scraperwiki.com/fhsehwp/vdocua8hjwptucu/cgi-bin/csv/est.csv,,NCDC / NOAA Precipitation Collector,ds2/daily-summaries-of-precipitation-indicators-for-estonia,ds2/daily-summaries-of-precipitation-indicators-for-estonia/precipitation_est.csv,SKIPPED,
55,daily-summaries-of-precipitation-indicators-for-germany,precipitation_deu.csv,precipitation_deu.csv,https://ds-ec2.scraperwiki.com/fhsehwp/vdocua8hjwptucu/cgi-bin/csv/deu.csv,,NCDC / NOAA Precipitation Collector,ds2/daily-summaries-of-precipitation-indicators-for-germany,ds2/daily-summaries-of-precipitation-indicators-for-germany/precipitation_deu.csv,SKIPPED,
56,daily-summaries-of-precipitation-indicators-for-austria,precipitation_aut.csv,precipitation_aut.csv,https://ds-ec2.scraperwiki.com/fhsehwp/vdocua8hjwptucu/cgi-bin/csv/aut.csv,,NCDC / NOAA Precipitation Collector,ds2/daily-summaries-of-precipitation-indicators-for-austria,ds2/daily-summaries-of-precipitation-indicators-for-austria/precipitation_aut.csv,SKIPPED,
57,daily-summaries-of-precipitation-indicators-for-ireland,precipitation_irl.csv,precipitation_irl.csv,https://ds-ec2.scraperwiki.com/fhsehwp/vdocua8hjwptucu/cgi-bin/csv/irl.csv,,NCDC / NOAA Precipitation Collector,ds2/daily-summaries-of-precipitation-indicators-for-ireland,ds2/daily-summaries-of-precipitation-indicators-for-ireland/precipitation_irl.csv,SKIPPED,
58,daily-summaries-of-precipitation-indicators-for-hungary,precipitation_hun.csv,precipitation_hun.csv,https://ds-ec2.scraperwiki.com/fhsehwp/vdocua8hjwptucu/cgi-bin/csv/hun.csv,,NCDC / NOAA Precipitation Collector,ds2/daily-summaries-of-precipitation-indicators-for-hungary,ds2/daily-summaries-of-precipitation-indicators-for-hungary/precipitation_hun.csv,SKIPPED,
59,daily-summaries-of-precipitation-indicators-for-greenland,precipitation_grl.csv,precipitation_grl.csv,https://ds-ec2.scraperwiki.com/fhsehwp/vdocua8hjwptucu/cgi-bin/csv/grl.csv,,NCDC / NOAA Precipitation Collector,ds2/daily-summaries-of-precipitation-indicators-for-greenland,ds2/daily-summaries-of-precipitation-indicators-for-greenland/precipitation_grl.csv,SKIPPED,
60,daily-summaries-of-precipitation-indicators-for-gibraltar,precipitation_gib.csv,precipitation_gib.csv,https://ds-ec2.scraperwiki.com/fhsehwp/vdocua8hjwptucu/cgi-bin/csv/gib.csv,,NCDC / NOAA Precipitation Collector,ds2/daily-summaries-of-precipitation-indicators-for-gibraltar,ds2/daily-summaries-of-precipitation-indicators-for-gibraltar/precipitation_gib.csv,SKIPPED,
61,daily-summaries-of-precipitation-indicators-for-france,precipitation_fra.csv,precipitation_fra.csv,https://ds-ec2.scraperwiki.com/fhsehwp/vdocua8hjwptucu/cgi-bin/csv/fra.csv,,NCDC / NOAA Precipitation Collector,ds2/daily-summaries-of-precipitation-indicators-for-france,ds2/daily-summaries-of-precipitation-indicators-for-france/precipitation_fra.csv,SKIPPED,
62,daily-summaries-of-precipitation-indicators-for-finland,precipitation_fin.csv,precipitation_fin.csv,https://ds-ec2.scraperwiki.com/fhsehwp/vdocua8hjwptucu/cgi-bin/csv/fin.csv,,NCDC / NOAA Precipitation Collector,ds2/daily-summaries-of-precipitation-indicators-for-finland,ds2/daily-summaries-of-precipitation-indicators-for-finland/precipitation_fin.csv,SKIPPED,
63,daily-summaries-of-precipitation-indicators-for-denmark,precipitation_dnk.csv,precipitation_dnk.csv,https://ds-ec2.scraperwiki.com/fhsehwp/vdocua8hjwptucu/cgi-bin/csv/dnk.csv,,NCDC / NOAA Precipitation Collector,ds2/daily-summaries-of-precipitation-indicators-for-denmark,ds2/daily-summaries-of-precipitation-indicators-for-denmark/precipitation_dnk.csv,SKIPPED,
64,daily-summaries-of-precipitation-indicators-for-bulgaria,precipitation_bgr.csv,precipitation_bgr.csv,https://ds-ec2.scraperwiki.com/fhsehwp/vdocua8hjwptucu/cgi-bin/csv/bgr.csv,,NCDC / NOAA Precipitation Collector,ds2/daily-summaries-of-precipitation-indicators-for-bulgaria,ds2/daily-summaries-of-precipitation-indicators-for-bulgaria/precipitation_bgr.csv,SKIPPED,
65,daily-summaries-of-precipitation-indicators-for-belgium,precipitation_bel.csv,precipitation_bel.csv,https://ds-ec2.scraperwiki.com/fhsehwp/vdocua8hjwptucu/cgi-bin/csv/bel.csv,,NCDC / NOAA Precipitation Collector,ds2/daily-summaries-of-precipitation-indicators-for-belgium,ds2/daily-summaries-of-precipitation-indicators-for-belgium/precipitation_bel.csv,SKIPPED,
66,daily-summaries-of-precipitation-indicators-for-antarctica,precipitation_ata.csv,precipitation_ata.csv,https://ds-ec2.scraperwiki.com/fhsehwp/vdocua8hjwptucu/cgi-bin/csv/ata.csv,,NCDC / NOAA Precipitation Collector,ds2/daily-summaries-of-precipitation-indicators-for-antarctica,ds2/daily-summaries-of-precipitation-indicators-for-antarctica/precipitation_ata.csv,SKIPPED,
67,daily-summaries-of-precipitation-indicators-for-czech-republic,precipitation_cze.csv,precipitation_cze.csv,https://ds-ec2.scraperwiki.com/fhsehwp/vdocua8hjwptucu/cgi-bin/csv/cze.csv,,NCDC / NOAA Precipitation Collector,ds2/daily-summaries-of-precipitation-indicators-for-czech-republic,ds2/daily-summaries-of-precipitation-indicators-for-czech-republic/precipitation_cze.csv,SKIPPED,
68,daily-summaries-of-precipitation-indicators-for-falkland-islands--malvinas-,precipitation_flk.csv,precipitation_flk.csv,https://ds-ec2.scraperwiki.com/fhsehwp/vdocua8hjwptucu/cgi-bin/csv/flk.csv,,NCDC / NOAA Precipitation Collector,ds2/daily-summaries-of-precipitation-indicators-for-falkland-islands--malvinas-,ds2/daily-summaries-of-precipitation-indicators-for-falkland-islands--malvinas-/precipitation_flk.csv,SKIPPED,
69,daily-summaries-of-precipitation-indicators-for-bosnia-and-herzegovina,precipitation_bih.csv,precipitation_bih.csv,https://ds-ec2.scraperwiki.com/fhsehwp/vdocua8hjwptucu/cgi-bin/csv/bih.csv,,NCDC / NOAA Precipitation Collector,ds2/daily-summaries-of-precipitation-indicators-for-bosnia-and-herzegovina,ds2/daily-summaries-of-precipitation-indicators-for-bosnia-and-herzegovina/precipitation_bih.csv,SKIPPED,
70,daily-summaries-of-precipitation-indicators-for-french-southern-territories,precipitation_atf.csv,precipitation_atf.csv,https://ds-ec2.scraperwiki.com/fhsehwp/vdocua8hjwptucu/cgi-bin/csv/atf.csv,,NCDC / NOAA Precipitation Collector,ds2/daily-summaries-of-precipitation-indicators-for-french-southern-territories,ds2/daily-summaries-of-precipitation-indicators-for-french-southern-territories/precipitation_atf.csv,SKIPPED,
71,daily-summaries-of-precipitation-indicators-for-greece,precipitation_grc.csv,precipitation_grc.csv,https://ds-ec2.scraperwiki.com/fhsehwp/vdocua8hjwptucu/cgi-bin/csv/grc.csv,,NCDC / NOAA Precipitation Collector,ds2/daily-summaries-of-precipitation-indicators-for-greece,ds2/daily-summaries-of-precipitation-indicators-for-greece/precipitation_grc.csv,SKIPPED,
72,daily-summaries-of-precipitation-indicators-for-georgia,precipitation_geo.csv,precipitation_geo.csv,https://ds-ec2.scraperwiki.com/fhsehwp/vdocua8hjwptucu/cgi-bin/csv/geo.csv,,NCDC / NOAA Precipitation Collector,ds2/daily-summaries-of-precipitation-indicators-for-georgia,ds2/daily-summaries-of-precipitation-indicators-for-georgia/precipitation_geo.csv,SKIPPED,
73,daily-summaries-of-precipitation-indicators-for-cyprus,precipitation_cyp.csv,precipitation_cyp.csv,https://ds-ec2.scraperwiki.com/fhsehwp/vdocua8hjwptucu/cgi-bin/csv/cyp.csv,,NCDC / NOAA Precipitation Collector,ds2/daily-summaries-of-precipitation-indicators-for-cyprus,ds2/daily-summaries-of-precipitation-indicators-for-cyprus/precipitation_cyp.csv,SKIPPED,
74,ebola-cases-2014,ebola_data_db_format.xlsx,ebola_data_db_format.xlsx,https://ds-ec2.scraperwiki.com/g7nnqgn/ckm9nsfssakeuor/cgi-bin/xlsx/ebola_data_db_format,https://ocha-dap.github.io/scraperwiki-snapshot/datasets/ebola-cases-2014/ebola_data_db_format.xlsx,DISABLED WHO Ebola SitRep Scraper,ds2/ebola-cases-2014,ds2/ebola-cases-2014/ebola_data_db_format.xlsx,Ok,UPLOADED
75,unhcr-information-portal-data,UNHCR-information-portal-data.csv,UNHCR-information-portal-data.csv,https://ds-ec2.scraperwiki.com/ye7nhjd/uq816xboyfzffx6/cgi-bin/csv/unhcr_real_time.csv,,UNHCR Real-time API,ds2/unhcr-information-portal-data,ds2/unhcr-information-portal-data/UNHCR-information-portal-data.csv,SKIPPED,
76,daily-summaries-of-precipitation-indicators-for-chad,precipitation_tcd.csv,precipitation_tcd.csv,https://ds-ec2.scraperwiki.com/fhsehwp/vdocua8hjwptucu/cgi-bin/csv/tcd.csv,https://ocha-dap.github.io/scraperwiki-snapshot/datasets/daily-summaries-of-precipitation-indicators-for-chad/precipitation_tcd.csv,NCDC / NOAA Precipitation Collector,ds2/daily-summaries-of-precipitation-indicators-for-chad,ds2/daily-summaries-of-precipitation-indicators-for-chad/precipitation_tcd.csv,Ok,UPLOADED
77,daily-summaries-of-precipitation-indicators-for-el-salvador,precipitation_slv.csv,precipitation_slv.csv,https://ds-ec2.scraperwiki.com/fhsehwp/vdocua8hjwptucu/cgi-bin/csv/slv.csv,https://ocha-dap.github.io/scraperwiki-snapshot/datasets/daily-summaries-of-precipitation-indicators-for-el-salvador/precipitation_slv.csv,NCDC / NOAA Precipitation Collector,ds2/daily-summaries-of-precipitation-indicators-for-el-salvador,ds2/daily-summaries-of-precipitation-indicators-for-el-salvador/precipitation_slv.csv,Ok,UPLOADED
78,daily-summaries-of-precipitation-indicators-for-myanmar,precipitation_mmr.csv,precipitation_mmr.csv,https://ds-ec2.scraperwiki.com/fhsehwp/vdocua8hjwptucu/cgi-bin/csv/mmr.csv,https://ocha-dap.github.io/scraperwiki-snapshot/datasets/daily-summaries-of-precipitation-indicators-for-myanmar/precipitation_mmr.csv,NCDC / NOAA Precipitation Collector,ds2/daily-summaries-of-precipitation-indicators-for-myanmar,ds2/daily-summaries-of-precipitation-indicators-for-myanmar/precipitation_mmr.csv,Ok,UPLOADED
79,daily-summaries-of-precipitation-indicators-for-sri-lanka,precipitation_lka.csv,precipitation_lka.csv,https://ds-ec2.scraperwiki.com/fhsehwp/vdocua8hjwptucu/cgi-bin/csv/lka.csv,https://ocha-dap.github.io/scraperwiki-snapshot/datasets/daily-summaries-of-precipitation-indicators-for-sri-lanka/precipitation_lka.csv,NCDC / NOAA Precipitation Collector,ds2/daily-summaries-of-precipitation-indicators-for-sri-lanka,ds2/daily-summaries-of-precipitation-indicators-for-sri-lanka/precipitation_lka.csv,Ok,UPLOADED
80,daily-summaries-of-precipitation-indicators-for-italy,precipitation_ita.csv,precipitation_ita.csv,https://ds-ec2.scraperwiki.com/fhsehwp/vdocua8hjwptucu/cgi-bin/csv/ita.csv,https://ocha-dap.github.io/scraperwiki-snapshot/datasets/daily-summaries-of-precipitation-indicators-for-italy/precipitation_ita.csv,NCDC / NOAA Precipitation Collector,ds2/daily-summaries-of-precipitation-indicators-for-italy,ds2/daily-summaries-of-precipitation-indicators-for-italy/precipitation_ita.csv,Ok,UPLOADED
81,daily-summaries-of-precipitation-indicators-for-cambodia,precipitation_khm.csv,precipitation_khm.csv,https://ds-ec2.scraperwiki.com/fhsehwp/vdocua8hjwptucu/cgi-bin/csv/khm.csv,https://ocha-dap.github.io/scraperwiki-snapshot/datasets/daily-summaries-of-precipitation-indicators-for-cambodia/precipitation_khm.csv,NCDC / NOAA Precipitation Collector,ds2/daily-summaries-of-precipitation-indicators-for-cambodia,ds2/daily-summaries-of-precipitation-indicators-for-cambodia/precipitation_khm.csv,Ok,UPLOADED
82,daily-summaries-of-precipitation-indicators-for-israel,precipitation_isr.csv,precipitation_isr.csv,https://ds-ec2.scraperwiki.com/fhsehwp/vdocua8hjwptucu/cgi-bin/csv/isr.csv,https://ocha-dap.github.io/scraperwiki-snapshot/datasets/daily-summaries-of-precipitation-indicators-for-israel/precipitation_isr.csv,NCDC / NOAA Precipitation Collector,ds2/daily-summaries-of-precipitation-indicators-for-israel,ds2/daily-summaries-of-precipitation-indicators-for-israel/precipitation_isr.csv,Ok,UPLOADED
83,daily-summaries-of-precipitation-indicators-for-iraq,precipitation_irq.csv,precipitation_irq.csv,https://ds-ec2.scraperwiki.com/fhsehwp/vdocua8hjwptucu/cgi-bin/csv/irq.csv,https://ocha-dap.github.io/scraperwiki-snapshot/datasets/daily-summaries-of-precipitation-indicators-for-iraq/precipitation_irq.csv,NCDC / NOAA Precipitation Collector,ds2/daily-summaries-of-precipitation-indicators-for-iraq,ds2/daily-summaries-of-precipitation-indicators-for-iraq/precipitation_irq.csv,Ok,UPLOADED
84,daily-summaries-of-precipitation-indicators-for-iran--islamic-republic-of,precipitation_irn.csv,precipitation_irn.csv,https://ds-ec2.scraperwiki.com/fhsehwp/vdocua8hjwptucu/cgi-bin/csv/irn.csv,https://ocha-dap.github.io/scraperwiki-snapshot/datasets/daily-summaries-of-precipitation-indicators-for-iran--islamic-republic-of/precipitation_irn.csv,NCDC / NOAA Precipitation Collector,ds2/daily-summaries-of-precipitation-indicators-for-iran--islamic-republic-of,ds2/daily-summaries-of-precipitation-indicators-for-iran--islamic-republic-of/precipitation_irn.csv,Ok,UPLOADED
85,daily-summaries-of-precipitation-indicators-for-india,precipitation_ind.csv,precipitation_ind.csv,https://ds-ec2.scraperwiki.com/fhsehwp/vdocua8hjwptucu/cgi-bin/csv/ind.csv,https://ocha-dap.github.io/scraperwiki-snapshot/datasets/daily-summaries-of-precipitation-indicators-for-india/precipitation_ind.csv,NCDC / NOAA Precipitation Collector,ds2/daily-summaries-of-precipitation-indicators-for-india,ds2/daily-summaries-of-precipitation-indicators-for-india/precipitation_ind.csv,Ok,UPLOADED
86,daily-summaries-of-precipitation-indicators-for-indonesia,precipitation_idn.csv,precipitation_idn.csv,https://ds-ec2.scraperwiki.com/fhsehwp/vdocua8hjwptucu/cgi-bin/csv/idn.csv,https://ocha-dap.github.io/scraperwiki-snapshot/datasets/daily-summaries-of-precipitation-indicators-for-indonesia/precipitation_idn.csv,NCDC / NOAA Precipitation Collector,ds2/daily-summaries-of-precipitation-indicators-for-indonesia,ds2/daily-summaries-of-precipitation-indicators-for-indonesia/precipitation_idn.csv,Ok,UPLOADED
87,daily-summaries-of-precipitation-indicators-for-honduras,precipitation_hnd.csv,precipitation_hnd.csv,https://ds-ec2.scraperwiki.com/fhsehwp/vdocua8hjwptucu/cgi-bin/csv/hnd.csv,https://ocha-dap.github.io/scraperwiki-snapshot/datasets/daily-summaries-of-precipitation-indicators-for-honduras/precipitation_hnd.csv,NCDC / NOAA Precipitation Collector,ds2/daily-summaries-of-precipitation-indicators-for-honduras,ds2/daily-summaries-of-precipitation-indicators-for-honduras/precipitation_hnd.csv,Ok,UPLOADED
88,daily-summaries-of-precipitation-indicators-for-equatorial-guinea,precipitation_gnq.csv,precipitation_gnq.csv,https://ds-ec2.scraperwiki.com/fhsehwp/vdocua8hjwptucu/cgi-bin/csv/gnq.csv,https://ocha-dap.github.io/scraperwiki-snapshot/datasets/daily-summaries-of-precipitation-indicators-for-equatorial-guinea/precipitation_gnq.csv,NCDC / NOAA Precipitation Collector,ds2/daily-summaries-of-precipitation-indicators-for-equatorial-guinea,ds2/daily-summaries-of-precipitation-indicators-for-equatorial-guinea/precipitation_gnq.csv,Ok,UPLOADED
89,daily-summaries-of-precipitation-indicators-for-gambia,precipitation_gmb.csv,precipitation_gmb.csv,https://ds-ec2.scraperwiki.com/fhsehwp/vdocua8hjwptucu/cgi-bin/csv/gmb.csv,https://ocha-dap.github.io/scraperwiki-snapshot/datasets/daily-summaries-of-precipitation-indicators-for-gambia/precipitation_gmb.csv,NCDC / NOAA Precipitation Collector,ds2/daily-summaries-of-precipitation-indicators-for-gambia,ds2/daily-summaries-of-precipitation-indicators-for-gambia/precipitation_gmb.csv,Ok,UPLOADED
90,daily-summaries-of-precipitation-indicators-for-guinea,precipitation_gin.csv,precipitation_gin.csv,https://ds-ec2.scraperwiki.com/fhsehwp/vdocua8hjwptucu/cgi-bin/csv/gin.csv,https://ocha-dap.github.io/scraperwiki-snapshot/datasets/daily-summaries-of-precipitation-indicators-for-guinea/precipitation_gin.csv,NCDC / NOAA Precipitation Collector,ds2/daily-summaries-of-precipitation-indicators-for-guinea,ds2/daily-summaries-of-precipitation-indicators-for-guinea/precipitation_gin.csv,Ok,UPLOADED
91,daily-summaries-of-precipitation-indicators-for-ghana,precipitation_gha.csv,precipitation_gha.csv,https://ds-ec2.scraperwiki.com/fhsehwp/vdocua8hjwptucu/cgi-bin/csv/gha.csv,https://ocha-dap.github.io/scraperwiki-snapshot/datasets/daily-summaries-of-precipitation-indicators-for-ghana/precipitation_gha.csv,NCDC / NOAA Precipitation Collector,ds2/daily-summaries-of-precipitation-indicators-for-ghana,ds2/daily-summaries-of-precipitation-indicators-for-ghana/precipitation_gha.csv,Ok,UPLOADED
92,daily-summaries-of-precipitation-indicators-for-gabon,precipitation_gab.csv,precipitation_gab.csv,https://ds-ec2.scraperwiki.com/fhsehwp/vdocua8hjwptucu/cgi-bin/csv/gab.csv,https://ocha-dap.github.io/scraperwiki-snapshot/datasets/daily-summaries-of-precipitation-indicators-for-gabon/precipitation_gab.csv,NCDC / NOAA Precipitation Collector,ds2/daily-summaries-of-precipitation-indicators-for-gabon,ds2/daily-summaries-of-precipitation-indicators-for-gabon/precipitation_gab.csv,Ok,UPLOADED
93,daily-summaries-of-precipitation-indicators-for-micronesia--federated-states-of,precipitation_fsm.csv,precipitation_fsm.csv,https://ds-ec2.scraperwiki.com/fhsehwp/vdocua8hjwptucu/cgi-bin/csv/fsm.csv,https://ocha-dap.github.io/scraperwiki-snapshot/datasets/daily-summaries-of-precipitation-indicators-for-micronesia--federated-states-of/precipitation_fsm.csv,NCDC / NOAA Precipitation Collector,ds2/daily-summaries-of-precipitation-indicators-for-micronesia--federated-states-of,ds2/daily-summaries-of-precipitation-indicators-for-micronesia--federated-states-of/precipitation_fsm.csv,Ok,UPLOADED
94,daily-summaries-of-precipitation-indicators-for-guyana,precipitation_guy.csv,precipitation_guy.csv,https://ds-ec2.scraperwiki.com/fhsehwp/vdocua8hjwptucu/cgi-bin/csv/guy.csv,https://ocha-dap.github.io/scraperwiki-snapshot/datasets/daily-summaries-of-precipitation-indicators-for-guyana/precipitation_guy.csv,NCDC / NOAA Precipitation Collector,ds2/daily-summaries-of-precipitation-indicators-for-guyana,ds2/daily-summaries-of-precipitation-indicators-for-guyana/precipitation_guy.csv,Ok,UPLOADED
95,daily-summaries-of-precipitation-indicators-for-faroe-islands,precipitation_fro.csv,precipitation_fro.csv,https://ds-ec2.scraperwiki.com/fhsehwp/vdocua8hjwptucu/cgi-bin/csv/fro.csv,https://ocha-dap.github.io/scraperwiki-snapshot/datasets/daily-summaries-of-precipitation-indicators-for-faroe-islands/precipitation_fro.csv,NCDC / NOAA Precipitation Collector,ds2/daily-summaries-of-precipitation-indicators-for-faroe-islands,ds2/daily-summaries-of-precipitation-indicators-for-faroe-islands/precipitation_fro.csv,Ok,UPLOADED
96,daily-summaries-of-precipitation-indicators-for-fiji,precipitation_fji.csv,precipitation_fji.csv,https://ds-ec2.scraperwiki.com/fhsehwp/vdocua8hjwptucu/cgi-bin/csv/fji.csv,https://ocha-dap.github.io/scraperwiki-snapshot/datasets/daily-summaries-of-precipitation-indicators-for-fiji/precipitation_fji.csv,NCDC / NOAA Precipitation Collector,ds2/daily-summaries-of-precipitation-indicators-for-fiji,ds2/daily-summaries-of-precipitation-indicators-for-fiji/precipitation_fji.csv,Ok,UPLOADED
97,daily-summaries-of-precipitation-indicators-for-ethiopia,precipitation_eth.csv,precipitation_eth.csv,https://ds-ec2.scraperwiki.com/fhsehwp/vdocua8hjwptucu/cgi-bin/csv/eth.csv,https://ocha-dap.github.io/scraperwiki-snapshot/datasets/daily-summaries-of-precipitation-indicators-for-ethiopia/precipitation_eth.csv,NCDC / NOAA Precipitation Collector,ds2/daily-summaries-of-precipitation-indicators-for-ethiopia,ds2/daily-summaries-of-precipitation-indicators-for-ethiopia/precipitation_eth.csv,Ok,UPLOADED
98,daily-summaries-of-precipitation-indicators-for-egypt,precipitation_egy.csv,precipitation_egy.csv,https://ds-ec2.scraperwiki.com/fhsehwp/vdocua8hjwptucu/cgi-bin/csv/egy.csv,https://ocha-dap.github.io/scraperwiki-snapshot/datasets/daily-summaries-of-precipitation-indicators-for-egypt/precipitation_egy.csv,NCDC / NOAA Precipitation Collector,ds2/daily-summaries-of-precipitation-indicators-for-egypt,ds2/daily-summaries-of-precipitation-indicators-for-egypt/precipitation_egy.csv,Ok,UPLOADED
99,daily-summaries-of-precipitation-indicators-for-ecuador,precipitation_ecu.csv,precipitation_ecu.csv,https://ds-ec2.scraperwiki.com/fhsehwp/vdocua8hjwptucu/cgi-bin/csv/ecu.csv,https://ocha-dap.github.io/scraperwiki-snapshot/datasets/daily-summaries-of-precipitation-indicators-for-ecuador/precipitation_ecu.csv,NCDC / NOAA Precipitation Collector,ds2/daily-summaries-of-precipitation-indicators-for-ecuador,ds2/daily-summaries-of-precipitation-indicators-for-ecuador/precipitation_ecu.csv,Ok,UPLOADED
100,daily-summaries-of-precipitation-indicators-for-algeria,precipitation_dza.csv,precipitation_dza.csv,https://ds-ec2.scraperwiki.com/fhsehwp/vdocua8hjwptucu/cgi-bin/csv/dza.csv,https://ocha-dap.github.io/scraperwiki-snapshot/datasets/daily-summaries-of-precipitation-indicators-for-algeria/precipitation_dza.csv,NCDC / NOAA Precipitation Collector,ds2/daily-summaries-of-precipitation-indicators-for-algeria,ds2/daily-summaries-of-precipitation-indicators-for-algeria/precipitation_dza.csv,Ok,UPLOADED
101,daily-summaries-of-precipitation-indicators-for-cayman-islands,precipitation_cym.csv,precipitation_cym.csv,https://ds-ec2.scraperwiki.com/fhsehwp/vdocua8hjwptucu/cgi-bin/csv/cym.csv,https://ocha-dap.github.io/scraperwiki-snapshot/datasets/daily-summaries-of-precipitation-indicators-for-cayman-islands/precipitation_cym.csv,NCDC / NOAA Precipitation Collector,ds2/daily-summaries-of-precipitation-indicators-for-cayman-islands,ds2/daily-summaries-of-precipitation-indicators-for-cayman-islands/precipitation_cym.csv,Ok,UPLOADED
102,daily-summaries-of-precipitation-indicators-for-cuba,precipitation_cub.csv,precipitation_cub.csv,https://ds-ec2.scraperwiki.com/fhsehwp/vdocua8hjwptucu/cgi-bin/csv/cub.csv,https://ocha-dap.github.io/scraperwiki-snapshot/datasets/daily-summaries-of-precipitation-indicators-for-cuba/precipitation_cub.csv,NCDC / NOAA Precipitation Collector,ds2/daily-summaries-of-precipitation-indicators-for-cuba,ds2/daily-summaries-of-precipitation-indicators-for-cuba/precipitation_cub.csv,Ok,UPLOADED
103,daily-summaries-of-precipitation-indicators-for-costa-rica,precipitation_cri.csv,precipitation_cri.csv,https://ds-ec2.scraperwiki.com/fhsehwp/vdocua8hjwptucu/cgi-bin/csv/cri.csv,https://ocha-dap.github.io/scraperwiki-snapshot/datasets/daily-summaries-of-precipitation-indicators-for-costa-rica/precipitation_cri.csv,NCDC / NOAA Precipitation Collector,ds2/daily-summaries-of-precipitation-indicators-for-costa-rica,ds2/daily-summaries-of-precipitation-indicators-for-costa-rica/precipitation_cri.csv,Ok,UPLOADED
104,daily-summaries-of-precipitation-indicators-for-cabo-verde,precipitation_cpv.csv,precipitation_cpv.csv,https://ds-ec2.scraperwiki.com/fhsehwp/vdocua8hjwptucu/cgi-bin/csv/cpv.csv,https://ocha-dap.github.io/scraperwiki-snapshot/datasets/daily-summaries-of-precipitation-indicators-for-cabo-verde/precipitation_cpv.csv,NCDC / NOAA Precipitation Collector,ds2/daily-summaries-of-precipitation-indicators-for-cabo-verde,ds2/daily-summaries-of-precipitation-indicators-for-cabo-verde/precipitation_cpv.csv,Ok,UPLOADED
105,daily-summaries-of-precipitation-indicators-for-colombia,precipitation_col.csv,precipitation_col.csv,https://ds-ec2.scraperwiki.com/fhsehwp/vdocua8hjwptucu/cgi-bin/csv/col.csv,https://ocha-dap.github.io/scraperwiki-snapshot/datasets/daily-summaries-of-precipitation-indicators-for-colombia/precipitation_col.csv,NCDC / NOAA Precipitation Collector,ds2/daily-summaries-of-precipitation-indicators-for-colombia,ds2/daily-summaries-of-precipitation-indicators-for-colombia/precipitation_col.csv,Ok,UPLOADED
106,daily-summaries-of-precipitation-indicators-for-cook-islands,precipitation_cok.csv,precipitation_cok.csv,https://ds-ec2.scraperwiki.com/fhsehwp/vdocua8hjwptucu/cgi-bin/csv/cok.csv,https://ocha-dap.github.io/scraperwiki-snapshot/datasets/daily-summaries-of-precipitation-indicators-for-cook-islands/precipitation_cok.csv,NCDC / NOAA Precipitation Collector,ds2/daily-summaries-of-precipitation-indicators-for-cook-islands,ds2/daily-summaries-of-precipitation-indicators-for-cook-islands/precipitation_cok.csv,Ok,UPLOADED
107,daily-summaries-of-precipitation-indicators-for-congo,precipitation_cog.csv,precipitation_cog.csv,https://ds-ec2.scraperwiki.com/fhsehwp/vdocua8hjwptucu/cgi-bin/csv/cog.csv,https://ocha-dap.github.io/scraperwiki-snapshot/datasets/daily-summaries-of-precipitation-indicators-for-congo/precipitation_cog.csv,NCDC / NOAA Precipitation Collector,ds2/daily-summaries-of-precipitation-indicators-for-congo,ds2/daily-summaries-of-precipitation-indicators-for-congo/precipitation_cog.csv,Ok,UPLOADED
108,daily-summaries-of-precipitation-indicators-for-congo--the-democratic-republic-of-the,precipitation_cod.csv,precipitation_cod.csv,https://ds-ec2.scraperwiki.com/fhsehwp/vdocua8hjwptucu/cgi-bin/csv/cod.csv,https://ocha-dap.github.io/scraperwiki-snapshot/datasets/daily-summaries-of-precipitation-indicators-for-congo--the-democratic-republic-of-the/precipitation_cod.csv,NCDC / NOAA Precipitation Collector,ds2/daily-summaries-of-precipitation-indicators-for-congo--the-democratic-republic-of-the,ds2/daily-summaries-of-precipitation-indicators-for-congo--the-democratic-republic-of-the/precipitation_cod.csv,Ok,UPLOADED
109,daily-summaries-of-precipitation-indicators-for-cameroon,precipitation_cmr.csv,precipitation_cmr.csv,https://ds-ec2.scraperwiki.com/fhsehwp/vdocua8hjwptucu/cgi-bin/csv/cmr.csv,https://ocha-dap.github.io/scraperwiki-snapshot/datasets/daily-summaries-of-precipitation-indicators-for-cameroon/precipitation_cmr.csv,NCDC / NOAA Precipitation Collector,ds2/daily-summaries-of-precipitation-indicators-for-cameroon,ds2/daily-summaries-of-precipitation-indicators-for-cameroon/precipitation_cmr.csv,Ok,UPLOADED
110,daily-summaries-of-precipitation-indicators-for-cote-divoire,precipitation_civ.csv,precipitation_civ.csv,https://ds-ec2.scraperwiki.com/fhsehwp/vdocua8hjwptucu/cgi-bin/csv/civ.csv,https://ocha-dap.github.io/scraperwiki-snapshot/datasets/daily-summaries-of-precipitation-indicators-for-cote-divoire/precipitation_civ.csv,NCDC / NOAA Precipitation Collector,ds2/daily-summaries-of-precipitation-indicators-for-cote-divoire,ds2/daily-summaries-of-precipitation-indicators-for-cote-divoire/precipitation_civ.csv,Ok,UPLOADED
111,daily-summaries-of-precipitation-indicators-for-china,precipitation_chn.csv,precipitation_chn.csv,https://ds-ec2.scraperwiki.com/fhsehwp/vdocua8hjwptucu/cgi-bin/csv/chn.csv,https://ocha-dap.github.io/scraperwiki-snapshot/datasets/daily-summaries-of-precipitation-indicators-for-china/precipitation_chn.csv,NCDC / NOAA Precipitation Collector,ds2/daily-summaries-of-precipitation-indicators-for-china,ds2/daily-summaries-of-precipitation-indicators-for-china/precipitation_chn.csv,Ok,UPLOADED
112,daily-summaries-of-precipitation-indicators-for-chile,precipitation_chl.csv,precipitation_chl.csv,https://ds-ec2.scraperwiki.com/fhsehwp/vdocua8hjwptucu/cgi-bin/csv/chl.csv,https://ocha-dap.github.io/scraperwiki-snapshot/datasets/daily-summaries-of-precipitation-indicators-for-chile/precipitation_chl.csv,NCDC / NOAA Precipitation Collector,ds2/daily-summaries-of-precipitation-indicators-for-chile,ds2/daily-summaries-of-precipitation-indicators-for-chile/precipitation_chl.csv,Ok,UPLOADED
113,daily-summaries-of-precipitation-indicators-for-canada,precipitation_can.csv,precipitation_can.csv,https://ds-ec2.scraperwiki.com/fhsehwp/vdocua8hjwptucu/cgi-bin/csv/can.csv,https://ocha-dap.github.io/scraperwiki-snapshot/datasets/daily-summaries-of-precipitation-indicators-for-canada/precipitation_can.csv,NCDC / NOAA Precipitation Collector,ds2/daily-summaries-of-precipitation-indicators-for-canada,ds2/daily-summaries-of-precipitation-indicators-for-canada/precipitation_can.csv,Ok,UPLOADED
114,daily-summaries-of-precipitation-indicators-for-central-african-republic,precipitation_caf.csv,precipitation_caf.csv,https://ds-ec2.scraperwiki.com/fhsehwp/vdocua8hjwptucu/cgi-bin/csv/caf.csv,https://ocha-dap.github.io/scraperwiki-snapshot/datasets/daily-summaries-of-precipitation-indicators-for-central-african-republic/precipitation_caf.csv,NCDC / NOAA Precipitation Collector,ds2/daily-summaries-of-precipitation-indicators-for-central-african-republic,ds2/daily-summaries-of-precipitation-indicators-for-central-african-republic/precipitation_caf.csv,Ok,UPLOADED
115,daily-summaries-of-precipitation-indicators-for-botswana,precipitation_bwa.csv,precipitation_bwa.csv,https://ds-ec2.scraperwiki.com/fhsehwp/vdocua8hjwptucu/cgi-bin/csv/bwa.csv,https://ocha-dap.github.io/scraperwiki-snapshot/datasets/daily-summaries-of-precipitation-indicators-for-botswana/precipitation_bwa.csv,NCDC / NOAA Precipitation Collector,ds2/daily-summaries-of-precipitation-indicators-for-botswana,ds2/daily-summaries-of-precipitation-indicators-for-botswana/precipitation_bwa.csv,Ok,UPLOADED
116,daily-summaries-of-precipitation-indicators-for-brunei-darussalam,precipitation_brn.csv,precipitation_brn.csv,https://ds-ec2.scraperwiki.com/fhsehwp/vdocua8hjwptucu/cgi-bin/csv/brn.csv,https://ocha-dap.github.io/scraperwiki-snapshot/datasets/daily-summaries-of-precipitation-indicators-for-brunei-darussalam/precipitation_brn.csv,NCDC / NOAA Precipitation Collector,ds2/daily-summaries-of-precipitation-indicators-for-brunei-darussalam,ds2/daily-summaries-of-precipitation-indicators-for-brunei-darussalam/precipitation_brn.csv,Ok,UPLOADED
117,daily-summaries-of-precipitation-indicators-for-brazil,precipitation_bra.csv,precipitation_bra.csv,https://ds-ec2.scraperwiki.com/fhsehwp/vdocua8hjwptucu/cgi-bin/csv/bra.csv,https://ocha-dap.github.io/scraperwiki-snapshot/datasets/daily-summaries-of-precipitation-indicators-for-brazil/precipitation_bra.csv,NCDC / NOAA Precipitation Collector,ds2/daily-summaries-of-precipitation-indicators-for-brazil,ds2/daily-summaries-of-precipitation-indicators-for-brazil/precipitation_bra.csv,Ok,UPLOADED
118,daily-summaries-of-precipitation-indicators-for-bolivia--plurinational-state-of,precipitation_bol.csv,precipitation_bol.csv,https://ds-ec2.scraperwiki.com/fhsehwp/vdocua8hjwptucu/cgi-bin/csv/bol.csv,https://ocha-dap.github.io/scraperwiki-snapshot/datasets/daily-summaries-of-precipitation-indicators-for-bolivia--plurinational-state-of/precipitation_bol.csv,NCDC / NOAA Precipitation Collector,ds2/daily-summaries-of-precipitation-indicators-for-bolivia--plurinational-state-of,ds2/daily-summaries-of-precipitation-indicators-for-bolivia--plurinational-state-of/precipitation_bol.csv,Ok,UPLOADED
119,daily-summaries-of-precipitation-indicators-for-bermuda,precipitation_bmu.csv,precipitation_bmu.csv,https://ds-ec2.scraperwiki.com/fhsehwp/vdocua8hjwptucu/cgi-bin/csv/bmu.csv,https://ocha-dap.github.io/scraperwiki-snapshot/datasets/daily-summaries-of-precipitation-indicators-for-bermuda/precipitation_bmu.csv,NCDC / NOAA Precipitation Collector,ds2/daily-summaries-of-precipitation-indicators-for-bermuda,ds2/daily-summaries-of-precipitation-indicators-for-bermuda/precipitation_bmu.csv,Ok,UPLOADED
120,daily-summaries-of-precipitation-indicators-for-belize,precipitation_blz.csv,precipitation_blz.csv,https://ds-ec2.scraperwiki.com/fhsehwp/vdocua8hjwptucu/cgi-bin/csv/blz.csv,https://ocha-dap.github.io/scraperwiki-snapshot/datasets/daily-summaries-of-precipitation-indicators-for-belize/precipitation_blz.csv,NCDC / NOAA Precipitation Collector,ds2/daily-summaries-of-precipitation-indicators-for-belize,ds2/daily-summaries-of-precipitation-indicators-for-belize/precipitation_blz.csv,Ok,UPLOADED
121,daily-summaries-of-precipitation-indicators-for-belarus,precipitation_blr.csv,precipitation_blr.csv,https://ds-ec2.scraperwiki.com/fhsehwp/vdocua8hjwptucu/cgi-bin/csv/blr.csv,https://ocha-dap.github.io/scraperwiki-snapshot/datasets/daily-summaries-of-precipitation-indicators-for-belarus/precipitation_blr.csv,NCDC / NOAA Precipitation Collector,ds2/daily-summaries-of-precipitation-indicators-for-belarus,ds2/daily-summaries-of-precipitation-indicators-for-belarus/precipitation_blr.csv,Ok,UPLOADED
122,daily-summaries-of-precipitation-indicators-for-bahamas,precipitation_bhs.csv,precipitation_bhs.csv,https://ds-ec2.scraperwiki.com/fhsehwp/vdocua8hjwptucu/cgi-bin/csv/bhs.csv,https://ocha-dap.github.io/scraperwiki-snapshot/datasets/daily-summaries-of-precipitation-indicators-for-bahamas/precipitation_bhs.csv,NCDC / NOAA Precipitation Collector,ds2/daily-summaries-of-precipitation-indicators-for-bahamas,ds2/daily-summaries-of-precipitation-indicators-for-bahamas/precipitation_bhs.csv,Ok,UPLOADED
123,daily-summaries-of-precipitation-indicators-for-bahrain,precipitation_bhr.csv,precipitation_bhr.csv,https://ds-ec2.scraperwiki.com/fhsehwp/vdocua8hjwptucu/cgi-bin/csv/bhr.csv,https://ocha-dap.github.io/scraperwiki-snapshot/datasets/daily-summaries-of-precipitation-indicators-for-bahrain/precipitation_bhr.csv,NCDC / NOAA Precipitation Collector,ds2/daily-summaries-of-precipitation-indicators-for-bahrain,ds2/daily-summaries-of-precipitation-indicators-for-bahrain/precipitation_bhr.csv,Ok,UPLOADED
124,daily-summaries-of-precipitation-indicators-for-bangladesh,precipitation_bgd.csv,precipitation_bgd.csv,https://ds-ec2.scraperwiki.com/fhsehwp/vdocua8hjwptucu/cgi-bin/csv/bgd.csv,https://ocha-dap.github.io/scraperwiki-snapshot/datasets/daily-summaries-of-precipitation-indicators-for-bangladesh/precipitation_bgd.csv,NCDC / NOAA Precipitation Collector,ds2/daily-summaries-of-precipitation-indicators-for-bangladesh,ds2/daily-summaries-of-precipitation-indicators-for-bangladesh/precipitation_bgd.csv,Ok,UPLOADED
125,daily-summaries-of-precipitation-indicators-for-benin,precipitation_ben.csv,precipitation_ben.csv,https://ds-ec2.scraperwiki.com/fhsehwp/vdocua8hjwptucu/cgi-bin/csv/ben.csv,https://ocha-dap.github.io/scraperwiki-snapshot/datasets/daily-summaries-of-precipitation-indicators-for-benin/precipitation_ben.csv,NCDC / NOAA Precipitation Collector,ds2/daily-summaries-of-precipitation-indicators-for-benin,ds2/daily-summaries-of-precipitation-indicators-for-benin/precipitation_ben.csv,Ok,UPLOADED
126,daily-summaries-of-precipitation-indicators-for-azerbaijan,precipitation_aze.csv,precipitation_aze.csv,https://ds-ec2.scraperwiki.com/fhsehwp/vdocua8hjwptucu/cgi-bin/csv/aze.csv,https://ocha-dap.github.io/scraperwiki-snapshot/datasets/daily-summaries-of-precipitation-indicators-for-azerbaijan/precipitation_aze.csv,NCDC / NOAA Precipitation Collector,ds2/daily-summaries-of-precipitation-indicators-for-azerbaijan,ds2/daily-summaries-of-precipitation-indicators-for-azerbaijan/precipitation_aze.csv,Ok,UPLOADED
127,daily-summaries-of-precipitation-indicators-for-australia,precipitation_aus.csv,precipitation_aus.csv,https://ds-ec2.scraperwiki.com/fhsehwp/vdocua8hjwptucu/cgi-bin/csv/aus.csv,,NCDC / NOAA Precipitation Collector,ds2/daily-summaries-of-precipitation-indicators-for-australia,ds2/daily-summaries-of-precipitation-indicators-for-australia/precipitation_aus.csv,SKIPPED,
128,daily-summaries-of-precipitation-indicators-for-armenia,precipitation_arm.csv,precipitation_arm.csv,https://ds-ec2.scraperwiki.com/fhsehwp/vdocua8hjwptucu/cgi-bin/csv/arm.csv,https://ocha-dap.github.io/scraperwiki-snapshot/datasets/daily-summaries-of-precipitation-indicators-for-armenia/precipitation_arm.csv,NCDC / NOAA Precipitation Collector,ds2/daily-summaries-of-precipitation-indicators-for-armenia,ds2/daily-summaries-of-precipitation-indicators-for-armenia/precipitation_arm.csv,Ok,UPLOADED
129,daily-summaries-of-precipitation-indicators-for-argentina,precipitation_arg.csv,precipitation_arg.csv,https://ds-ec2.scraperwiki.com/fhsehwp/vdocua8hjwptucu/cgi-bin/csv/arg.csv,https://ocha-dap.github.io/scraperwiki-snapshot/datasets/daily-summaries-of-precipitation-indicators-for-argentina/precipitation_arg.csv,NCDC / NOAA Precipitation Collector,ds2/daily-summaries-of-precipitation-indicators-for-argentina,ds2/daily-summaries-of-precipitation-indicators-for-argentina/precipitation_arg.csv,Ok,UPLOADED
130,daily-summaries-of-precipitation-indicators-for-united-arab-emirates,precipitation_are.csv,precipitation_are.csv,https://ds-ec2.scraperwiki.com/fhsehwp/vdocua8hjwptucu/cgi-bin/csv/are.csv,https://ocha-dap.github.io/scraperwiki-snapshot/datasets/daily-summaries-of-precipitation-indicators-for-united-arab-emirates/precipitation_are.csv,NCDC / NOAA Precipitation Collector,ds2/daily-summaries-of-precipitation-indicators-for-united-arab-emirates,ds2/daily-summaries-of-precipitation-indicators-for-united-arab-emirates/precipitation_are.csv,Ok,UPLOADED
131,daily-summaries-of-precipitation-indicators-for-angola,precipitation_ago.csv,precipitation_ago.csv,https://ds-ec2.scraperwiki.com/fhsehwp/vdocua8hjwptucu/cgi-bin/csv/ago.csv,https://ocha-dap.github.io/scraperwiki-snapshot/datasets/daily-summaries-of-precipitation-indicators-for-angola/precipitation_ago.csv,NCDC / NOAA Precipitation Collector,ds2/daily-summaries-of-precipitation-indicators-for-angola,ds2/daily-summaries-of-precipitation-indicators-for-angola/precipitation_ago.csv,Ok,UPLOADED
132,daily-summaries-of-precipitation-indicators-for-afghanistan,precipitation_afg.csv,precipitation_afg.csv,https://ds-ec2.scraperwiki.com/fhsehwp/vdocua8hjwptucu/cgi-bin/csv/afg.csv,https://ocha-dap.github.io/scraperwiki-snapshot/datasets/daily-summaries-of-precipitation-indicators-for-afghanistan/precipitation_afg.csv,NCDC / NOAA Precipitation Collector,ds2/daily-summaries-of-precipitation-indicators-for-afghanistan,ds2/daily-summaries-of-precipitation-indicators-for-afghanistan/precipitation_afg.csv,Ok,UPLOADED
133,education-index,Education index,hdi_education_index.csv,https://ds-ec2.scraperwiki.com/gzk5p3z/tbb2ribak1ktkqp/cgi-bin/csv/hdi_education_index.csv,https://ocha-dap.github.io/scraperwiki-snapshot/datasets/education-index/hdi_education_index.csv,HDRO Collector,ds2/education-index,ds2/education-index/hdi_education_index.csv,Ok,UPLOADED
134,multidimensional-poverty-index,Multidimensional Poverty Index,mpi_multidimensional_poverty_index_revised.csv,https://ds-ec2.scraperwiki.com/gzk5p3z/tbb2ribak1ktkqp/cgi-bin/csv/mpi_multidimensional_poverty_index_revised.csv,https://ocha-dap.github.io/scraperwiki-snapshot/datasets/multidimensional-poverty-index/mpi_multidimensional_poverty_index_revised.csv,HDRO Collector,ds2/multidimensional-poverty-index,ds2/multidimensional-poverty-index/mpi_multidimensional_poverty_index_revised.csv,Ok,UPLOADED
135,fts-clusters,FTS Clusters,cluster.csv,https://ds-ec2.scraperwiki.com/md49udj/xljsoqqazmdfr3i/cgi-bin/csv/cluster.csv,,FTS Collector,ds2/fts-clusters,ds2/fts-clusters/cluster.csv,SKIPPED,
136,ops-projects-with-targets,ors_prjtrg.csv,ors_prjtrg.csv,https://ds-ec2.scraperwiki.com/3zarzzv/0zftw6fzkjxommp/cgi-bin/csv/ors_prjtrg.csv,,OCHA ORS Scraper,ds2/ops-projects-with-targets,ds2/ops-projects-with-targets/ors_prjtrg.csv,SKIPPED,
137,ors-key-figure,ors_key_figures.csv,ors_key_figures.csv,https://ds-ec2.scraperwiki.com/3zarzzv/0zftw6fzkjxommp/cgi-bin/csv/ors_key_figures.csv,,OCHA ORS Scraper,ds2/ors-key-figure,ds2/ors-key-figure/ors_key_figures.csv,SKIPPED,
138,country-framework-with-targets,ors_frwtrg.csv,ors_frwtrg.csv,https://ds-ec2.scraperwiki.com/3zarzzv/0zftw6fzkjxommp/cgi-bin/csv/ors_frwtrg.csv,,OCHA ORS Scraper,ds2/country-framework-with-targets,ds2/country-framework-with-targets/ors_frwtrg.csv,SKIPPED,
139,gender-inequality-index,Gender Inequality Index (API),gii_gender_inequality_index_value.csv,https://ds-ec2.scraperwiki.com/gzk5p3z/tbb2ribak1ktkqp/cgi-bin/csv/gii_gender_inequality_index_value.csv,https://ocha-dap.github.io/scraperwiki-snapshot/datasets/gender-inequality-index/gii_gender_inequality_index_value.csv,HDRO Collector,ds2/gender-inequality-index,ds2/gender-inequality-index/gii_gender_inequality_index_value.csv,Ok,UPLOADED
140,sidih-humanitarian-needs-overview,sidih_684.csv,sidih_684.csv,https://ds-ec2.scraperwiki.com/egzfk1p/siqsxsgjnxgk3r2/cgi-bin/csv/sidih_684.csv,https://ocha-dap.github.io/scraperwiki-snapshot/datasets/sidih-humanitarian-needs-overview/sidih_684.csv,Colombia SIDIH,ds2/sidih-humanitarian-needs-overview,ds2/sidih-humanitarian-needs-overview/sidih_684.csv,Ok,UPLOADED
141,daily-summaries-of-precipitation-indicators-for-dominican-republic,precipitation_dom.csv,precipitation_dom.csv,https://ds-ec2.scraperwiki.com/fhsehwp/vdocua8hjwptucu/cgi-bin/csv/dom.csv,https://ocha-dap.github.io/scraperwiki-snapshot/datasets/daily-summaries-of-precipitation-indicators-for-dominican-republic/precipitation_dom.csv,NCDC / NOAA Precipitation Collector,ds2/daily-summaries-of-precipitation-indicators-for-dominican-republic,ds2/daily-summaries-of-precipitation-indicators-for-dominican-republic/precipitation_dom.csv,Ok,UPLOADED
142,total-expenditure-on-health-of-gdp,Total Expenditure on health (% of GDP),expenditure_on_health_total_of_gdp.csv,https://ds-ec2.scraperwiki.com/gzk5p3z/tbb2ribak1ktkqp/cgi-bin/csv/expenditure_on_health_total_of_gdp.csv,https://ocha-dap.github.io/scraperwiki-snapshot/datasets/total-expenditure-on-health-of-gdp/expenditure_on_health_total_of_gdp.csv,HDRO Collector,ds2/total-expenditure-on-health-of-gdp,ds2/total-expenditure-on-health-of-gdp/expenditure_on_health_total_of_gdp.csv,Ok,UPLOADED
143,population-in-severe-poverty-headcount,Population in severe poverty (headcount),mpi_population_in_severe_poverty_headcount.csv,https://ds-ec2.scraperwiki.com/gzk5p3z/tbb2ribak1ktkqp/cgi-bin/csv/mpi_population_in_severe_poverty_headcount.csv,https://ocha-dap.github.io/scraperwiki-snapshot/datasets/population-in-severe-poverty-headcount/mpi_population_in_severe_poverty_headcount.csv,HDRO Collector,ds2/population-in-severe-poverty-headcount,ds2/population-in-severe-poverty-headcount/mpi_population_in_severe_poverty_headcount.csv,Ok,UPLOADED
144,inequality-adjusted-hdi,Inequality-adjusted HDI,ihdi_inequality_adjusted_hdi_value.csv,https://ds-ec2.scraperwiki.com/gzk5p3z/tbb2ribak1ktkqp/cgi-bin/csv/ihdi_inequality_adjusted_hdi_value.csv,https://ocha-dap.github.io/scraperwiki-snapshot/datasets/inequality-adjusted-hdi/ihdi_inequality_adjusted_hdi_value.csv,HDRO Collector,ds2/inequality-adjusted-hdi,ds2/inequality-adjusted-hdi/ihdi_inequality_adjusted_hdi_value.csv,Ok,UPLOADED
145,human-development-index-hdi,Human Development Index (HDI),hdi_human_development_index_hdig_value.csv,https://ds-ec2.scraperwiki.com/gzk5p3z/tbb2ribak1ktkqp/cgi-bin/csv/hdi_human_development_index_hdig_value.csv,https://ocha-dap.github.io/scraperwiki-snapshot/datasets/human-development-index-hdi/hdi_human_development_index_hdig_value.csv,HDRO Collector,ds2/human-development-index-hdi,ds2/human-development-index-hdi/hdi_human_development_index_hdig_value.csv,Ok,UPLOADED
146,health-index,Health Index,hdi_health_index.csv,https://ds-ec2.scraperwiki.com/gzk5p3z/tbb2ribak1ktkqp/cgi-bin/csv/hdi_health_index.csv,https://ocha-dap.github.io/scraperwiki-snapshot/datasets/health-index/hdi_health_index.csv,HDRO Collector,ds2/health-index,ds2/health-index/hdi_health_index.csv,Ok,UPLOADED
147,gender-development-index-female-to-male-ratio-of-hdi,Gender Development Index (Female to male ratio of HDI),gdi_female_to_male_ratio_of_hdi_geometric_gdi.csv,https://ds-ec2.scraperwiki.com/gzk5p3z/tbb2ribak1ktkqp/cgi-bin/csv/gdi_female_to_male_ratio_of_hdi_geometric_gdi.csv,https://ocha-dap.github.io/scraperwiki-snapshot/datasets/gender-development-index-female-to-male-ratio-of-hdi/gdi_female_to_male_ratio_of_hdi_geometric_gdi.csv,HDRO Collector,ds2/gender-development-index-female-to-male-ratio-of-hdi,ds2/gender-development-index-female-to-male-ratio-of-hdi/gdi_female_to_male_ratio_of_hdi_geometric_gdi.csv,Ok,UPLOADED
148,mvam-food-security-monitoring-databank,mVAM_allAggStats.xlsx,mVAM_allAggStats.xlsx,https://ds-ec2.scraperwiki.com/gfudhzb/r8kisejjlofexpc/cgi-bin/xlsx/,,WFP mVAM Collector,ds2/mvam-food-security-monitoring-databank,ds2/mvam-food-security-monitoring-databank/mVAM_allAggStats.xlsx,SKIPPED,
149,afghanistan-2015-humanitarian-contributions,afghanistan-2015-humanitarian-contributions.csv,afghanistan-2015-humanitarian-contributions.csv,https://ds-ec2.scraperwiki.com/mcu9bxo/m5dbtbjvgv577aq/cgi-bin/csv/Emergency_16525.csv,,DISABLED FTS Emergency Collector,ds2/afghanistan-2015-humanitarian-contributions,ds2/afghanistan-2015-humanitarian-contributions/afghanistan-2015-humanitarian-contributions.csv,SKIPPED,
150,cameroon-2015-humanitarian-contributions,cameroon-2015-humanitarian-contributions.csv,cameroon-2015-humanitarian-contributions.csv,https://ds-ec2.scraperwiki.com/mcu9bxo/m5dbtbjvgv577aq/cgi-bin/csv/Emergency_16530.csv,,DISABLED FTS Emergency Collector,ds2/cameroon-2015-humanitarian-contributions,ds2/cameroon-2015-humanitarian-contributions/cameroon-2015-humanitarian-contributions.csv,SKIPPED,
151,nigeria-2015-humanitarian-contributions,nigeria-2015-humanitarian-contributions.csv,nigeria-2015-humanitarian-contributions.csv,https://ds-ec2.scraperwiki.com/mcu9bxo/m5dbtbjvgv577aq/cgi-bin/csv/Emergency_16536.csv,,DISABLED FTS Emergency Collector,ds2/nigeria-2015-humanitarian-contributions,ds2/nigeria-2015-humanitarian-contributions/nigeria-2015-humanitarian-contributions.csv,SKIPPED,
152,mali-2015-humanitarian-contributions,mali-2015-humanitarian-contributions.csv,mali-2015-humanitarian-contributions.csv,https://ds-ec2.scraperwiki.com/mcu9bxo/m5dbtbjvgv577aq/cgi-bin/csv/Emergency_16533.csv,,DISABLED FTS Emergency Collector,ds2/mali-2015-humanitarian-contributions,ds2/mali-2015-humanitarian-contributions/mali-2015-humanitarian-contributions.csv,SKIPPED,
153,chad-2015-humanitarian-contributions,chad-2015-humanitarian-contributions.csv,chad-2015-humanitarian-contributions.csv,https://ds-ec2.scraperwiki.com/mcu9bxo/m5dbtbjvgv577aq/cgi-bin/csv/Emergency_16531.csv,,DISABLED FTS Emergency Collector,ds2/chad-2015-humanitarian-contributions,ds2/chad-2015-humanitarian-contributions/chad-2015-humanitarian-contributions.csv,SKIPPED,
154,ukraine-2015-humanitarian-contributions,ukraine-2015-humanitarian-contributions.csv,ukraine-2015-humanitarian-contributions.csv,https://ds-ec2.scraperwiki.com/mcu9bxo/m5dbtbjvgv577aq/cgi-bin/csv/Emergency_16528.csv,,DISABLED FTS Emergency Collector,ds2/ukraine-2015-humanitarian-contributions,ds2/ukraine-2015-humanitarian-contributions/ukraine-2015-humanitarian-contributions.csv,SKIPPED,
155,central-african-republic-2015-humanitarian-contributions,central-african-republic-2015-humanitarian-contributions.csv,central-african-republic-2015-humanitarian-contributions.csv,https://ds-ec2.scraperwiki.com/mcu9bxo/m5dbtbjvgv577aq/cgi-bin/csv/Emergency_16526.csv,,DISABLED FTS Emergency Collector,ds2/central-african-republic-2015-humanitarian-contributions,ds2/central-african-republic-2015-humanitarian-contributions/central-african-republic-2015-humanitarian-contributions.csv,SKIPPED,
156,somalia-2015-humanitarian-contributions,somalia-2015-humanitarian-contributions.csv,somalia-2015-humanitarian-contributions.csv,https://ds-ec2.scraperwiki.com/mcu9bxo/m5dbtbjvgv577aq/cgi-bin/csv/Emergency_16518.csv,,DISABLED FTS Emergency Collector,ds2/somalia-2015-humanitarian-contributions,ds2/somalia-2015-humanitarian-contributions/somalia-2015-humanitarian-contributions.csv,SKIPPED,
157,sudan-2015-humanitarian-contributions,sudan-2015-humanitarian-contributions.csv,sudan-2015-humanitarian-contributions.csv,https://ds-ec2.scraperwiki.com/mcu9bxo/m5dbtbjvgv577aq/cgi-bin/csv/Emergency_16524.csv,,DISABLED FTS Emergency Collector,ds2/sudan-2015-humanitarian-contributions,ds2/sudan-2015-humanitarian-contributions/sudan-2015-humanitarian-contributions.csv,SKIPPED,
158,democratic-republic-of-congo-2015-humanitarian-contributions,democratic-republic-of-congo-2015-humanitarian-contributions.csv,democratic-republic-of-congo-2015-humanitarian-contributions.csv,https://ds-ec2.scraperwiki.com/mcu9bxo/m5dbtbjvgv577aq/cgi-bin/csv/Emergency_16522.csv,,DISABLED FTS Emergency Collector,ds2/democratic-republic-of-congo-2015-humanitarian-contributions,ds2/democratic-republic-of-congo-2015-humanitarian-contributions/democratic-republic-of-congo-2015-humanitarian-contributions.csv,SKIPPED,
159,south-sudan-2015-humanitarian-contributions,south-sudan-2015-humanitarian-contributions.csv,south-sudan-2015-humanitarian-contributions.csv,https://ds-ec2.scraperwiki.com/mcu9bxo/m5dbtbjvgv577aq/cgi-bin/csv/Emergency_16521.csv,,DISABLED FTS Emergency Collector,ds2/south-sudan-2015-humanitarian-contributions,ds2/south-sudan-2015-humanitarian-contributions/south-sudan-2015-humanitarian-contributions.csv,SKIPPED,
160,occupied-palestinian-territory-2015-humanitarian-contributions,occupied-palestinian-territory-2015-humanitarian-contributions.csv,occupied-palestinian-territory-2015-humanitarian-contributions.csv,https://ds-ec2.scraperwiki.com/mcu9bxo/m5dbtbjvgv577aq/cgi-bin/csv/Emergency_16523.csv,,DISABLED FTS Emergency Collector,ds2/occupied-palestinian-territory-2015-humanitarian-contributions,ds2/occupied-palestinian-territory-2015-humanitarian-contributions/occupied-palestinian-territory-2015-humanitarian-contributions.csv,SKIPPED,
161,burkina-faso-2015-humanitarian-contributions,burkina-faso-2015-humanitarian-contributions.csv,burkina-faso-2015-humanitarian-contributions.csv,https://ds-ec2.scraperwiki.com/mcu9bxo/m5dbtbjvgv577aq/cgi-bin/csv/Emergency_16529.csv,,DISABLED FTS Emergency Collector,ds2/burkina-faso-2015-humanitarian-contributions,ds2/burkina-faso-2015-humanitarian-contributions/burkina-faso-2015-humanitarian-contributions.csv,SKIPPED,
162,niger-2015-humanitarian-contributions,niger-2015-humanitarian-contributions.csv,niger-2015-humanitarian-contributions.csv,https://ds-ec2.scraperwiki.com/mcu9bxo/m5dbtbjvgv577aq/cgi-bin/csv/Emergency_16535.csv,,DISABLED FTS Emergency Collector,ds2/niger-2015-humanitarian-contributions,ds2/niger-2015-humanitarian-contributions/niger-2015-humanitarian-contributions.csv,SKIPPED,
163,cdxref-rw-datafromhdx,CDXref_RW_DataFromHDX_LatestFigures,latest_figures.csv,https://ds-ec2.scraperwiki.com/eyjkp6g/ggatymuev84fnzl/cgi-bin/csv/latest_figures.csv,,ReliefWeb Crisis Data Scraper - ACTIVE!,ds2/cdxref-rw-datafromhdx,ds2/cdxref-rw-datafromhdx/latest_figures.csv,SKIPPED,
164,cerf-donor-contributions,CERF Donor Contributions.csv,CERF Donor Contributions.csv,https://ds-ec2.scraperwiki.com/rgnpwvq/75f87msny6qfsek/cgi-bin/csv/contributions.csv,,CERF Donor Contributions Scraper - ACTIVE!,ds2/cerf-donor-contributions,ds2/cerf-donor-contributions/CERF Donor Contributions.csv,SKIPPED,
165,cerf-allocations,CERF Allocations.csv,CERF Allocations.csv,https://ds-ec2.scraperwiki.com/eqrbm0v/u9ed3yh64nbbyps/cgi-bin/csv/projects.csv,,CERF Projects Scraper - ACTIVE!,ds2/cerf-allocations,ds2/cerf-allocations/CERF Allocations.csv,SKIPPED,
166,reliefweb-crisis-app-data,latest_figures.csv,latest_figures.csv,https://ds-ec2.scraperwiki.com/eyjkp6g/ggatymuev84fnzl/cgi-bin/csv/latest_figures.csv,,ReliefWeb Crisis Data Scraper - ACTIVE!,ds2/reliefweb-crisis-app-data,ds2/reliefweb-crisis-app-data/latest_figures.csv,SKIPPED,
167,project-reported-data-validated-by-cluster-coordinators,ors_rpt.xlsx,ors_rpt.xlsx,https://ds-ec2.scraperwiki.com/3zarzzv/0zftw6fzkjxommp/cgi-bin/xlsx/ors_rpt,https://ocha-dap.github.io/scraperwiki-snapshot/datasets/project-reported-data-validated-by-cluster-coordinators/ors_rpt.xlsx,,ds2/project-reported-data-validated-by-cluster-coordinators,ds2/project-reported-data-validated-by-cluster-coordinators/ors_rpt.xlsx,Ok,UPLOADED
168,cluster-indicators-output-indicators,ors_clind.xlsx,ors_clind.xlsx,https://ds-ec2.scraperwiki.com/3zarzzv/0zftw6fzkjxommp/cgi-bin/xlsx/ors_clind,https://ocha-dap.github.io/scraperwiki-snapshot/datasets/cluster-indicators-output-indicators/ors_clind.xlsx,,ds2/cluster-indicators-output-indicators,ds2/cluster-indicators-output-indicators/ors_clind.xlsx,Ok,UPLOADED
169,country-framework,ors_frw.xlsx,ors_frw.xlsx,https://ds-ec2.scraperwiki.com/3zarzzv/0zftw6fzkjxommp/cgi-bin/xlsx/ors_frw,https://ocha-dap.github.io/scraperwiki-snapshot/datasets/country-framework/ors_frw.xlsx,,ds2/country-framework,ds2/country-framework/ors_frw.xlsx,Ok,UPLOADED
170,ops-projects,ors_prj.xlsx,ors_prj.xlsx,https://ds-ec2.scraperwiki.com/3zarzzv/0zftw6fzkjxommp/cgi-bin/xlsx/ors_prj,https://ocha-dap.github.io/scraperwiki-snapshot/datasets/ops-projects/ors_prj.xlsx,,ds2/ops-projects,ds2/ops-projects/ors_prj.xlsx,Ok,UPLOADED
171,3w-who-what-where,ors_3w.xlsx,ors_3w.xlsx,https://ds-ec2.scraperwiki.com/3zarzzv/0zftw6fzkjxommp/cgi-bin/xlsx/ors_3w,https://ocha-dap.github.io/scraperwiki-snapshot/datasets/3w-who-what-where/ors_3w.xlsx,,ds2/3w-who-what-where,ds2/3w-who-what-where/ors_3w.xlsx,Ok,UPLOADED
172,cluster-output-indicator-reports,ors_clindrpt.xlsx,ors_clindrpt.xlsx,https://ds-ec2.scraperwiki.com/3zarzzv/0zftw6fzkjxommp/cgi-bin/xlsx/ors_clindrpt,https://ocha-dap.github.io/scraperwiki-snapshot/datasets/cluster-output-indicator-reports/ors_clindrpt.xlsx,,ds2/cluster-output-indicator-reports,ds2/cluster-output-indicator-reports/ors_clindrpt.xlsx,Ok,UPLOADED
173,nepal-earthquake-april-2015-humanitarian-contributions,Emergency_16575.xlsx,Emergency_16575.xlsx,https://ds-ec2.scraperwiki.com/mcu9bxo/m5dbtbjvgv577aq/cgi-bin/xlsx/Emergency_16575,https://ocha-dap.github.io/scraperwiki-snapshot/datasets/nepal-earthquake-april-2015-humanitarian-contributions/Emergency_16575.xlsx,,ds2/nepal-earthquake-april-2015-humanitarian-contributions,ds2/nepal-earthquake-april-2015-humanitarian-contributions/Emergency_16575.xlsx,Ok,UPLOADED
174,indicadores-del-sidih,sidih_684.csv,sidih_684.csv,https://ds-ec2.scraperwiki.com/egzfk1p/siqsxsgjnxgk3r2/cgi-bin/csv/sidih_684.csv,https://ocha-dap.github.io/scraperwiki-snapshot/datasets/indicadores-del-sidih/sidih_684.csv,,ds2/indicadores-del-sidih,ds2/indicadores-del-sidih/sidih_684.csv,Ok,UPLOADED
175,indicadores-del-sidih,sidih_593.csv,sidih_593.csv,https://ds-ec2.scraperwiki.com/egzfk1p/siqsxsgjnxgk3r2/cgi-bin/csv/sidih_593.csv,https://ocha-dap.github.io/scraperwiki-snapshot/datasets/indicadores-del-sidih/sidih_593.csv,,ds2/indicadores-del-sidih,ds2/indicadores-del-sidih/sidih_593.csv,Ok,UPLOADED
176,indicadores-del-sidih,sidih_587.csv,sidih_587.csv,https://ds-ec2.scraperwiki.com/egzfk1p/siqsxsgjnxgk3r2/cgi-bin/csv/sidih_587.csv,https://ocha-dap.github.io/scraperwiki-snapshot/datasets/indicadores-del-sidih/sidih_587.csv,,ds2/indicadores-del-sidih,ds2/indicadores-del-sidih/sidih_587.csv,Ok,UPLOADED
177,indicadores-del-sidih,sidih_664.csv,sidih_664.csv,https://ds-ec2.scraperwiki.com/egzfk1p/siqsxsgjnxgk3r2/cgi-bin/csv/sidih_664.csv,https://ocha-dap.github.io/scraperwiki-snapshot/datasets/indicadores-del-sidih/sidih_664.csv,,ds2/indicadores-del-sidih,ds2/indicadores-del-sidih/sidih_664.csv,Ok,UPLOADED
178,indicadores-del-sidih,sidih_645.csv,sidih_645.csv,https://ds-ec2.scraperwiki.com/egzfk1p/siqsxsgjnxgk3r2/cgi-bin/csv/sidih_645.csv,https://ocha-dap.github.io/scraperwiki-snapshot/datasets/indicadores-del-sidih/sidih_645.csv,,ds2/indicadores-del-sidih,ds2/indicadores-del-sidih/sidih_645.csv,Ok,UPLOADED
179,indicadores-del-sidih,sidih_654.csv,sidih_654.csv,https://ds-ec2.scraperwiki.com/egzfk1p/siqsxsgjnxgk3r2/cgi-bin/csv/sidih_654.csv,https://ocha-dap.github.io/scraperwiki-snapshot/datasets/indicadores-del-sidih/sidih_654.csv,,ds2/indicadores-del-sidih,ds2/indicadores-del-sidih/sidih_654.csv,Ok,UPLOADED
180,indicadores-del-sidih,sidih_653.csv,sidih_653.csv,https://ds-ec2.scraperwiki.com/egzfk1p/siqsxsgjnxgk3r2/cgi-bin/csv/sidih_653.csv,https://ocha-dap.github.io/scraperwiki-snapshot/datasets/indicadores-del-sidih/sidih_653.csv,,ds2/indicadores-del-sidih,ds2/indicadores-del-sidih/sidih_653.csv,Ok,UPLOADED
181,indicadores-del-sidih,sidih_545.csv,sidih_545.csv,https://ds-ec2.scraperwiki.com/egzfk1p/siqsxsgjnxgk3r2/cgi-bin/csv/sidih_545.csv,https://ocha-dap.github.io/scraperwiki-snapshot/datasets/indicadores-del-sidih/sidih_545.csv,,ds2/indicadores-del-sidih,ds2/indicadores-del-sidih/sidih_545.csv,Ok,UPLOADED
182,indicadores-del-sidih,sidih_642.csv,sidih_642.csv,https://ds-ec2.scraperwiki.com/egzfk1p/siqsxsgjnxgk3r2/cgi-bin/csv/sidih_642.csv,https://ocha-dap.github.io/scraperwiki-snapshot/datasets/indicadores-del-sidih/sidih_642.csv,,ds2/indicadores-del-sidih,ds2/indicadores-del-sidih/sidih_642.csv,Ok,UPLOADED
183,indicadores-del-sidih,sidih_384.csv,sidih_384.csv,https://ds-ec2.scraperwiki.com/egzfk1p/siqsxsgjnxgk3r2/cgi-bin/csv/sidih_384.csv,https://ocha-dap.github.io/scraperwiki-snapshot/datasets/indicadores-del-sidih/sidih_384.csv,,ds2/indicadores-del-sidih,ds2/indicadores-del-sidih/sidih_384.csv,Ok,UPLOADED
184,indicadores-del-sidih,sidih_337.csv,sidih_337.csv,https://ds-ec2.scraperwiki.com/egzfk1p/siqsxsgjnxgk3r2/cgi-bin/csv/sidih_337.csv,https://ocha-dap.github.io/scraperwiki-snapshot/datasets/indicadores-del-sidih/sidih_337.csv,,ds2/indicadores-del-sidih,ds2/indicadores-del-sidih/sidih_337.csv,Ok,UPLOADED
185,indicadores-del-sidih,sidih_343.csv,sidih_343.csv,https://ds-ec2.scraperwiki.com/egzfk1p/siqsxsgjnxgk3r2/cgi-bin/csv/sidih_343.csv,https://ocha-dap.github.io/scraperwiki-snapshot/datasets/indicadores-del-sidih/sidih_343.csv,,ds2/indicadores-del-sidih,ds2/indicadores-del-sidih/sidih_343.csv,Ok,UPLOADED
186,indicadores-del-sidih,sidih_322.csv,sidih_322.csv,https://ds-ec2.scraperwiki.com/egzfk1p/siqsxsgjnxgk3r2/cgi-bin/csv/sidih_322.csv,https://ocha-dap.github.io/scraperwiki-snapshot/datasets/indicadores-del-sidih/sidih_322.csv,,ds2/indicadores-del-sidih,ds2/indicadores-del-sidih/sidih_322.csv,Ok,UPLOADED
187,indicadores-del-sidih,sidih_190.csv,sidih_190.csv,https://ds-ec2.scraperwiki.com/egzfk1p/siqsxsgjnxgk3r2/cgi-bin/csv/sidih_190.csv,https://ocha-dap.github.io/scraperwiki-snapshot/datasets/indicadores-del-sidih/sidih_190.csv,,ds2/indicadores-del-sidih,ds2/indicadores-del-sidih/sidih_190.csv,Ok,UPLOADED
188,indicadores-del-sidih,sidih_540.csv,sidih_540.csv,https://ds-ec2.scraperwiki.com/egzfk1p/siqsxsgjnxgk3r2/cgi-bin/csv/sidih_540.csv,https://ocha-dap.github.io/scraperwiki-snapshot/datasets/indicadores-del-sidih/sidih_540.csv,,ds2/indicadores-del-sidih,ds2/indicadores-del-sidih/sidih_540.csv,Ok,UPLOADED
189,indicadores-del-sidih,sidih_541.csv,sidih_541.csv,https://ds-ec2.scraperwiki.com/egzfk1p/siqsxsgjnxgk3r2/cgi-bin/csv/sidih_541.csv,https://ocha-dap.github.io/scraperwiki-snapshot/datasets/indicadores-del-sidih/sidih_541.csv,,ds2/indicadores-del-sidih,ds2/indicadores-del-sidih/sidih_541.csv,Ok,UPLOADED
190,indicadores-del-sidih,sidih_495.csv,sidih_495.csv,https://ds-ec2.scraperwiki.com/egzfk1p/siqsxsgjnxgk3r2/cgi-bin/csv/sidih_495.csv,https://ocha-dap.github.io/scraperwiki-snapshot/datasets/indicadores-del-sidih/sidih_495.csv,,ds2/indicadores-del-sidih,ds2/indicadores-del-sidih/sidih_495.csv,Ok,UPLOADED
191,indicadores-del-sidih,sidih_3.csv,sidih_3.csv,https://ds-ec2.scraperwiki.com/egzfk1p/siqsxsgjnxgk3r2/cgi-bin/csv/sidih_3.csv,https://ocha-dap.github.io/scraperwiki-snapshot/datasets/indicadores-del-sidih/sidih_3.csv,,ds2/indicadores-del-sidih,ds2/indicadores-del-sidih/sidih_3.csv,Ok,UPLOADED
192,indicadores-del-sidih,sidih_588.csv,sidih_588.csv,https://ds-ec2.scraperwiki.com/egzfk1p/siqsxsgjnxgk3r2/cgi-bin/csv/sidih_588.csv,https://ocha-dap.github.io/scraperwiki-snapshot/datasets/indicadores-del-sidih/sidih_588.csv,,ds2/indicadores-del-sidih,ds2/indicadores-del-sidih/sidih_588.csv,Ok,UPLOADED
193,indicadores-del-sidih,sidih_504.csv,sidih_504.csv,https://ds-ec2.scraperwiki.com/egzfk1p/siqsxsgjnxgk3r2/cgi-bin/csv/sidih_504.csv,https://ocha-dap.github.io/scraperwiki-snapshot/datasets/indicadores-del-sidih/sidih_504.csv,,ds2/indicadores-del-sidih,ds2/indicadores-del-sidih/sidih_504.csv,Ok,UPLOADED
194,ebola-cases-2014,ebola_data_db_format.csv,ebola_data_db_format.csv,https://ds-ec2.scraperwiki.com/g7nnqgn/ckm9nsfssakeuor/cgi-bin/csv/ebola_data_db_format.csv,https://ocha-dap.github.io/scraperwiki-snapshot/datasets/ebola-cases-2014/ebola_data_db_format.csv,,ds2/ebola-cases-2014,ds2/ebola-cases-2014/ebola_data_db_format.csv,Ok,UPLOADED
